,CustomerID,Quantity,Monetary,Product_SKU_Count,Prod_Cat_Count,Transaction_Date,Recency,Discount_pct,Frequency,R_Quantile,F_Quantile,M_Quantile
0,12346,3,174.98174,2,2,2019-09-15,108,30.0,2,2,4,4
1,12347,340,12059.1778,59,9,2019-11-02,60,25.084745762711865,59,2,1,1
2,12348,209,1501.9261999999999,23,6,2019-10-19,74,24.782608695652176,23,2,2,3
3,12350,21,1183.71394,17,4,2019-12-14,18,30.0,17,1,3,3
4,12356,56,1753.45086,36,7,2019-09-15,108,30.0,36,2,2,3
5,12359,86,653.19048,16,3,2019-08-23,131,20.0,16,2,3,4
6,12370,612,6722.007320000001,90,9,2019-06-25,190,20.88888888888889,90,3,1,1
7,12373,22,471.83844,14,3,2019-12-07,25,30.0,14,1,3,4
8,12377,420,9732.132880000001,76,8,2019-11-21,41,14.342105263157896,76,1,1,1
9,12383,183,5238.6404600000005,68,9,2019-09-23,100,14.705882352941176,68,2,1,1
10,12386,15,568.05386,10,4,2019-07-28,157,26.0,10,3,4,4
11,12388,25,677.73101,19,8,2019-09-08,115,30.0,19,2,3,3
12,12393,119,2144.3302400000002,22,7,2019-08-31,123,20.0,22,2,2,2
13,12395,61,1443.00892,32,6,2019-07-20,165,25.625,32,3,2,3
14,12402,17,601.69168,11,4,2019-09-28,95,30.0,11,2,3,4
15,12410,67,2038.1240899999998,26,7,2019-12-21,11,30.0,26,1,2,2
16,12413,259,3209.8934600000002,26,5,2019-08-22,132,10.384615384615385,26,2,2,2
17,12414,7,507.98875999999996,7,5,2019-12-14,18,30.0,7,1,4,4
18,12415,169,3129.8837700000004,47,8,2019-08-13,141,10.212765957446809,47,3,1,2
19,12417,157,1824.5462400000001,30,7,2019-10-18,75,18.333333333333332,30,2,2,2
20,12421,17,2043.2641400000002,11,5,2019-10-16,77,10.0,11,2,3,2
21,12422,101,880.61536,13,5,2019-09-20,103,30.0,13,2,3,3
22,12423,17,871.1811500000001,16,5,2019-07-12,173,10.0,16,3,3,3
23,12427,170,1402.55048,13,6,2019-07-14,171,17.692307692307693,13,3,3,3
24,12429,133,2732.5487300000004,20,5,2019-04-13,263,10.0,20,4,3,2
25,12431,57,5476.40002,44,7,2019-11-21,41,19.09090909090909,44,1,2,1
26,12433,1485,17712.154160000002,145,9,2019-04-10,266,10.0,145,4,1,1
27,12434,15,46.812799999999996,3,2,2019-05-23,223,20.0,3,4,4,4
28,12437,26,2022.72387,18,5,2019-12-14,18,25.555555555555557,18,1,3,2
29,12441,16,1421.45868,11,3,2019-03-29,278,30.0,11,4,3,3
30,12451,799,8754.81471,101,10,2019-09-19,104,30.0,101,2,1,1
31,12464,10,1001.7007100000001,6,3,2019-12-18,14,30.0,6,1,4,3
32,12468,26,1299.1330400000002,12,6,2019-11-10,52,20.0,12,1,3,3
33,12471,278,13526.139830000002,127,10,2019-12-16,16,17.559055118110237,127,1,1,1
34,12472,507,12204.08242,125,12,2019-10-30,63,15.6,125,2,1,1
35,12474,225,6480.726960000001,36,5,2019-11-01,61,18.333333333333332,36,2,2,1
36,12476,302,3065.7745600000003,27,8,2019-11-28,34,20.0,27,1,2,2
37,12477,2,204.11645,2,2,2019-12-05,27,30.0,2,1,4,4
38,12480,50,1401.62848,41,8,2019-08-06,148,20.0,41,3,2,3
39,12481,757,10322.959840000001,46,8,2019-08-02,152,15.217391304347826,46,3,1,1
40,12483,27,1066.8181200000001,14,5,2019-07-18,167,10.0,14,3,3,3
41,12484,428,5661.07984,95,10,2019-08-04,150,20.0,95,3,1,1
42,12489,46,610.10864,13,6,2019-08-03,151,20.0,13,3,3,4
43,12490,61,2804.22992,43,10,2019-08-30,124,20.0,43,2,2,2
44,12494,9,394.76707000000005,7,5,2019-07-20,165,18.571428571428573,7,3,4,4
45,12500,5,92.07744,5,1,2019-08-13,141,20.0,5,3,4,4
46,12501,606,10154.78088,160,11,2019-11-20,42,20.0,160,1,1,1
47,12502,117,4145.86187,31,5,2019-12-16,16,30.0,31,1,2,1
48,12503,1,16.04535,1,1,2019-07-27,158,10.0,1,3,4,4
49,12510,216,1277.88055,29,8,2019-09-18,105,30.0,29,2,2,3
50,12515,95,1434.14628,16,3,2019-07-13,172,10.0,16,3,3,3
51,12523,28,509.0009600000001,7,5,2019-08-22,132,20.0,7,2,4,4
52,12524,23,588.4200000000001,16,5,2019-08-14,140,20.0,16,3,3,4
53,12527,424,1409.50234,10,4,2019-09-15,108,30.0,10,2,4,3
54,12528,96,4169.27512,31,6,2019-11-27,35,20.0,31,1,2,1
55,12530,86,1299.05472,13,7,2019-08-02,152,20.0,13,3,3,3
56,12539,486,18009.36328,187,11,2019-11-08,54,20.0,187,1,1,1
57,12540,310,3985.1668400000003,64,9,2019-12-10,22,22.03125,64,1,1,1
58,12551,17,1391.76676,10,4,2019-06-26,189,30.0,10,3,4,3
59,12553,91,1629.4353600000002,39,11,2019-10-23,70,19.743589743589745,39,2,2,3
60,12557,10,318.57328,9,1,2019-08-17,137,20.0,9,3,4,4
61,12559,136,2867.9509000000003,22,5,2019-12-11,21,11.818181818181818,22,1,2,2
62,12567,519,11225.26317,146,10,2019-12-21,11,25.684931506849313,146,1,1,1
63,12574,190,1600.5944000000002,11,7,2019-11-16,46,20.0,11,1,3,3
64,12577,976,5291.15856,67,7,2019-06-12,203,30.0,67,3,1,1
65,12578,116,5507.487360000001,76,9,2019-11-05,57,19.86842105263158,76,2,1,1
66,12583,155,2987.77264,42,9,2019-08-02,152,15.238095238095237,42,3,2,2
67,12585,209,4353.331520000001,72,9,2019-07-24,161,10.0,72,3,1,1
68,12586,1,22.185739999999996,1,1,2019-03-04,303,30.0,1,4,4,4
69,12591,158,4199.722,26,6,2019-11-02,60,20.0,26,2,2,1
70,12594,131,721.74819,12,5,2019-09-30,93,30.0,12,2,3,3
71,12600,16,720.03318,15,4,2019-12-16,16,28.666666666666668,15,1,3,3
72,12601,9,555.9315200000001,9,5,2019-08-17,137,20.0,9,3,4,4
73,12605,3,299.45178000000004,3,2,2019-04-19,257,10.0,3,4,4,4
74,12609,19,432.7827,16,3,2019-10-27,66,10.0,16,2,3,4
75,12621,117,2487.74628,33,7,2019-06-27,188,21.515151515151516,33,3,2,2
76,12625,186,6359.19876,58,7,2019-12-16,16,11.724137931034482,58,1,1,1
77,12626,582,4873.87326,67,10,2019-12-04,28,27.313432835820894,67,1,1,1
78,12637,125,3871.3724899999997,75,10,2019-11-05,57,29.6,75,2,1,2
79,12643,2,69.38576,2,1,2019-08-18,136,20.0,2,3,4,4
80,12645,77,2240.4487200000003,16,7,2019-11-10,52,20.0,16,1,3,2
81,12647,215,3518.3042600000003,52,9,2019-06-26,189,26.53846153846154,52,3,1,2
82,12649,2,28.15708,2,2,2019-04-18,258,10.0,2,4,4,4
83,12651,255,2230.96032,9,5,2019-08-09,145,20.0,9,3,4,2
84,12652,169,2811.89566,51,10,2019-10-05,88,19.41176470588235,51,2,1,2
85,12662,145,3037.51293,33,7,2019-12-19,13,21.515151515151516,33,1,2,2
86,12664,5,768.7543800000001,5,3,2019-10-02,91,10.0,5,2,4,3
87,12665,17,113.20679999999999,4,2,2019-09-19,104,27.5,4,2,4,4
88,12666,2,43.37147999999999,2,2,2019-06-09,206,30.0,2,3,4,4
89,12668,214,6352.7546600000005,74,8,2019-11-30,32,23.243243243243242,74,1,1,1
90,12672,10,291.3256,10,3,2019-08-30,124,20.0,10,2,4,4
91,12673,35,1487.63402,23,5,2019-09-09,114,30.0,23,2,2,3
92,12676,13,1114.74175,12,4,2019-12-10,22,30.0,12,1,3,3
93,12678,6,230.90673000000004,5,4,2019-07-12,173,10.0,5,3,4,4
94,12681,503,15886.36961,222,14,2019-12-03,29,20.36036036036036,222,1,1,1
95,12682,230,11971.42915,127,10,2019-12-11,21,17.244094488188978,127,1,1,1
96,12683,744,9953.68291,77,9,2019-09-30,93,15.714285714285714,77,2,1,1
97,12686,9,1029.95996,7,3,2019-01-31,335,10.0,7,4,4,3
98,12691,19,1229.8978000000002,15,3,2019-10-27,66,16.666666666666668,15,2,3,3
99,12693,17,1706.5416600000003,9,4,2019-10-14,79,10.0,9,2,4,3
100,12705,36,1463.3825100000001,30,6,2019-06-28,187,30.0,30,3,2,3
101,12708,170,2618.97958,33,7,2019-08-30,124,24.242424242424242,33,2,2,2
102,12709,200,2895.0380800000003,33,9,2019-11-08,54,20.90909090909091,33,1,2,2
103,12712,65,3467.1959,47,8,2019-12-21,11,20.638297872340427,47,1,1,2
104,12720,225,6205.7496,65,11,2019-11-27,35,27.076923076923077,65,1,1,1
105,12721,144,2141.7719700000002,18,7,2019-07-06,179,10.0,18,3,3,2
106,12724,13,534.8224,11,4,2019-08-21,133,20.0,11,3,3,4
107,12725,795,4578.1124,24,8,2019-02-09,326,20.0,24,4,2,1
108,12726,42,1802.12502,25,9,2019-11-17,45,22.4,25,1,2,2
109,12727,15,964.2629800000001,12,6,2019-10-11,82,10.0,12,2,3,3
110,12728,87,594.29088,13,5,2019-08-19,135,20.0,13,3,3,4
111,12731,1121,11814.62346,62,7,2019-11-27,35,17.419354838709676,62,1,1,1
112,12734,5,108.76361999999999,4,2,2019-07-13,172,10.0,4,3,4,4
113,12735,65,3026.8808900000004,43,8,2019-11-20,42,14.883720930232558,43,1,2,2
114,12736,25,157.9064,4,2,2019-08-16,138,20.0,4,3,4,4
115,12738,17,1835.25502,11,2,2019-01-30,336,10.0,11,4,3,2
116,12744,365,10308.17508,55,7,2019-10-24,69,10.0,55,2,1,1
117,12747,210,1477.22876,19,7,2019-09-28,95,25.789473684210527,19,2,3,3
118,12748,4781,76187.52061,682,13,2019-09-15,108,19.98533724340176,682,2,1,1
119,12753,136,2346.9348800000002,52,6,2019-08-01,153,20.0,52,3,1,2
120,12754,66,3210.5303,37,8,2019-12-21,11,30.0,37,1,2,2
121,12755,2,59.578759999999996,1,1,2019-04-12,264,10.0,1,4,4,4
122,12763,39,940.1717,16,4,2019-03-02,305,30.0,16,4,3,3
123,12764,217,5122.936640000001,45,8,2019-11-06,56,20.0,45,1,2,1
124,12766,158,4641.5804800000005,88,11,2019-08-11,143,13.977272727272727,88,3,1,1
125,12775,29,1140.59428,13,5,2019-12-18,14,30.0,13,1,3,3
126,12778,10,492.76133999999996,9,3,2019-12-01,31,30.0,9,1,4,4
127,12779,98,2165.47232,42,7,2019-12-24,8,28.095238095238095,42,1,2,2
128,12782,172,4114.39315,56,8,2019-10-28,65,17.857142857142858,56,2,1,1
129,12785,17,865.1099100000001,14,4,2019-04-30,246,10.0,14,4,3,3
130,12791,2,153.15916,2,2,2019-01-03,363,10.0,2,4,4,4
131,12793,61,2289.4348,24,8,2019-08-09,145,20.0,24,3,2,2
132,12797,17,449.27138,16,4,2019-06-02,213,15.0,16,3,3,4
133,12808,105,484.04678,7,4,2019-03-04,303,30.0,7,4,4,4
134,12820,107,600.3023400000001,11,6,2019-09-11,112,30.0,11,2,3,4
135,12826,313,6716.3846,49,7,2019-11-08,54,21.428571428571427,49,1,1,1
136,12829,18,932.1547,12,5,2019-10-03,90,23.333333333333332,12,2,3,3
137,12836,227,2704.2301199999997,39,8,2019-12-06,26,30.0,39,1,2,2
138,12838,479,5460.67724,57,12,2019-01-05,361,10.0,57,4,1,1
139,12839,97,3118.30057,36,7,2019-06-29,186,30.0,36,3,2,2
140,12841,375,11586.28706,109,9,2019-11-27,35,19.63302752293578,109,1,1,1
141,12842,18,2243.49745,14,3,2019-12-23,9,30.0,14,1,3,2
142,12853,43,1854.39947,23,7,2019-12-03,29,21.304347826086957,23,1,2,2
143,12854,46,4677.79788,36,5,2019-10-24,69,10.0,36,2,2,1
144,12855,7,900.9267,3,1,2019-01-17,349,10.0,3,4,4,3
145,12865,2,189.26000000000002,1,1,2019-06-05,210,30.0,1,3,4,4
146,12867,297,3181.72774,57,6,2019-06-02,213,30.0,57,3,1,2
147,12868,101,5575.99864,46,8,2019-11-12,50,17.391304347826086,46,1,1,1
148,12870,2,65.0873,2,1,2019-04-06,270,10.0,2,4,4,4
149,12872,288,4424.59482,64,9,2019-09-07,116,18.75,64,2,1,1
150,12875,1,7.056,1,1,2019-05-06,240,20.0,1,4,4,4
151,12877,19,1230.50401,17,5,2019-08-31,123,28.235294117647058,17,2,3,3
152,12908,2,213.64000000000001,2,1,2019-11-29,33,20.0,2,1,4,4
153,12913,4,82.57288,4,3,2019-03-18,289,30.0,4,4,4,4
154,12915,37,1208.93444,13,5,2019-01-22,344,10.0,13,4,3,3
155,12916,178,4233.48856,40,8,2019-10-06,87,10.0,40,2,2,1
156,12921,393,5905.44888,58,8,2019-07-20,165,16.551724137931036,58,3,1,1
157,12924,3,24.588009999999997,2,2,2019-09-05,118,30.0,2,2,4,4
158,12928,20,329.82967999999994,16,6,2019-06-11,204,30.0,16,3,3,4
159,12929,13,742.9946199999999,8,3,2019-12-06,26,30.0,8,1,4,3
160,12931,2,27.874039999999997,2,2,2019-06-29,186,30.0,2,3,4,4
161,12935,47,8991.73272,26,6,2019-10-16,77,10.0,26,2,2,1
162,12939,18,246.63976,6,3,2019-08-08,146,20.0,6,3,4,4
163,12942,36,867.01715,16,5,2019-04-11,265,10.0,16,4,3,3
164,12944,42,1123.72294,14,5,2019-07-06,179,10.0,14,3,3,3
165,12947,54,4819.4365,36,6,2019-10-27,66,15.555555555555555,36,2,2,1
166,12951,28,975.6509000000001,20,5,2019-10-12,81,17.0,20,2,3,3
167,12956,35,2426.63885,19,5,2019-12-31,1,30.0,19,1,3,2
168,12957,70,1300.28898,31,7,2019-08-01,153,10.64516129032258,31,3,2,3
169,12963,49,998.9469899999999,16,5,2019-04-11,265,10.0,16,4,3,3
170,12967,23,1565.37982,19,4,2019-06-23,192,14.210526315789474,19,3,3,3
171,12970,52,567.7338,8,4,2019-10-04,89,10.0,8,2,4,4
172,12971,149,4121.80932,46,10,2019-12-19,13,17.391304347826086,46,1,1,1
173,12980,111,792.0227500000001,5,3,2019-08-23,131,22.0,5,2,4,3
174,12989,2,172.7776,2,2,2019-09-05,118,20.0,2,2,4,4
175,12990,4,428.56425,3,1,2019-12-14,18,30.0,3,1,4,4
176,12997,89,856.6084800000001,18,6,2019-11-21,41,20.0,18,1,3,3
177,13000,12,934.5201700000001,11,6,2019-04-24,252,10.0,11,4,3,3
178,13001,136,2180.36932,35,9,2019-10-27,66,27.142857142857142,35,2,2,2
179,13002,9,883.6959,7,3,2019-10-27,66,10.0,7,2,4,3
180,13004,234,5318.09108,72,9,2019-11-10,52,23.194444444444443,72,1,1,1
181,13008,42,1737.7783,15,5,2019-09-28,95,29.333333333333332,15,2,3,3
182,13011,17,245.94072,3,3,2019-01-30,336,10.0,3,4,4,4
183,13013,157,5299.0424,66,7,2019-02-03,332,20.0,66,4,1,1
184,13021,82,1816.4497399999998,8,3,2019-06-13,202,27.5,8,3,4,2
185,13027,16,344.3825,6,4,2019-07-07,178,10.0,6,3,4,4
186,13029,1,15.44055,1,1,2019-07-12,173,10.0,1,3,4,4
187,13030,225,2222.23538,59,8,2019-03-15,292,30.0,59,4,1,2
188,13033,12,539.046,11,4,2019-06-27,188,30.0,11,3,3,4
189,13034,39,228.94272,11,4,2019-02-28,307,20.0,11,4,3,4
190,13047,175,2876.28679,44,8,2019-12-18,14,22.045454545454547,44,1,2,2
191,13048,556,2828.76244,40,6,2019-09-06,117,30.0,40,2,2,2
192,13049,15,266.15454,7,4,2019-10-27,66,10.0,7,2,4,4
193,13050,298,9792.58699,103,9,2019-12-27,5,21.45631067961165,103,1,1,1
194,13064,11,201.42930999999996,9,3,2019-09-06,117,30.0,9,2,4,4
195,13065,27,1543.24306,14,4,2019-01-16,350,10.0,14,4,3,3
196,13068,1,6.99,1,1,2019-10-11,82,10.0,1,2,4,4
197,13069,266,8111.23731,138,11,2019-12-28,4,21.73913043478261,138,1,1,1
198,13077,148,1673.7508,14,4,2019-04-07,269,10.0,14,4,3,3
199,13078,409,3731.36733,54,7,2019-11-10,52,25.37037037037037,54,1,1,2
200,13081,1130,21351.450660000002,259,11,2019-08-31,123,13.822393822393822,259,2,1,1
201,13082,9,1060.86138,7,2,2019-07-24,161,10.0,7,3,4,3
202,13089,924,25956.03784,363,13,2019-12-11,21,22.258953168044076,363,1,1,1
203,13090,34,1416.61526,13,6,2019-09-30,93,15.384615384615385,13,2,3,3
204,13092,8,275.09245,7,6,2019-06-07,208,30.0,7,3,4,4
205,13093,612,11283.08763,143,14,2019-12-12,20,20.55944055944056,143,1,1,1
206,13094,26,410.20744,5,4,2019-07-31,154,22.0,5,3,4,4
207,13097,280,3236.5837,52,10,2019-07-26,159,14.23076923076923,52,3,1,2
208,13098,25,2188.23536,21,7,2019-11-03,59,20.0,21,2,3,2
209,13102,169,8264.28298,93,9,2019-12-24,8,20.43010752688172,93,1,1,1
210,13104,1,123.81000000000002,1,1,2019-07-06,179,10.0,1,3,4,4
211,13107,149,2606.33014,23,8,2019-09-04,119,20.869565217391305,23,2,2,2
212,13108,253,570.85472,10,5,2019-01-18,348,10.0,10,4,4,4
213,13110,52,869.7915800000001,20,4,2019-12-10,22,30.0,20,1,3,3
214,13113,2344,19163.41901,60,10,2019-12-24,8,17.666666666666668,60,1,1,1
215,13115,9,247.97344000000004,2,2,2019-08-01,153,15.0,2,3,4,4
216,13117,89,2249.5531300000002,34,8,2019-10-17,76,10.0,34,2,2,2
217,13124,74,3650.29064,59,5,2019-06-10,205,30.0,59,3,1,2
218,13126,73,2271.7521,32,8,2019-08-17,137,18.4375,32,3,2,2
219,13136,3,241.98876,3,3,2019-04-19,257,10.0,3,4,4,4
220,13137,78,6038.6502199999995,48,7,2019-12-22,10,30.0,48,1,1,1
221,13138,21,1546.30882,14,4,2019-01-26,340,10.0,14,4,3,3
222,13140,36,755.95366,16,4,2019-04-07,269,10.0,16,4,3,3
223,13141,112,3098.1191200000003,32,8,2019-12-10,22,20.3125,32,1,2,2
224,13144,3,48.19856,3,2,2019-08-17,137,20.0,3,3,4,4
225,13145,1,24.023,1,1,2019-01-30,336,10.0,1,4,4,4
226,13148,186,16676.05786,130,10,2019-11-25,37,18.153846153846153,130,1,1,1
227,13155,164,5189.03855,63,9,2019-09-08,115,30.0,63,2,1,1
228,13158,67,3539.7129000000004,19,6,2019-10-18,75,10.0,19,2,3,2
229,13161,9,454.97552,8,3,2019-11-24,38,20.0,8,1,4,4
230,13162,111,3250.2767200000003,40,6,2019-08-22,132,20.0,40,2,2,2
231,13165,17,886.26678,13,3,2019-07-14,171,10.0,13,3,3,3
232,13168,753,5475.4509800000005,76,10,2019-10-26,67,10.0,76,2,1,1
233,13173,151,3077.8012599999997,23,4,2019-03-23,284,30.0,23,4,2,2
234,13174,793,20429.15206,241,12,2019-11-13,49,26.970954356846473,241,1,1,1
235,13178,37,1828.3230400000002,32,8,2019-05-25,221,20.0,32,3,2,2
236,13183,48,1832.81672,20,7,2019-08-07,147,20.0,20,3,3,2
237,13187,117,1307.96544,37,7,2019-08-01,153,20.0,37,3,2,3
238,13198,131,5803.73484,76,9,2019-10-24,69,13.289473684210526,76,2,1,1
239,13199,32,1665.93984,16,6,2019-12-13,19,26.875,16,1,3,3
240,13208,97,2004.16894,26,6,2019-12-20,12,30.0,26,1,2,2
241,13209,26,444.0487,21,4,2019-09-12,111,23.80952380952381,21,2,3,4
242,13211,2,67.27055999999999,2,1,2019-05-21,225,20.0,2,4,4,4
243,13221,136,2144.70813,35,8,2019-06-07,208,30.0,35,3,2,2
244,13225,52,572.27852,12,5,2019-07-26,159,13.333333333333334,12,3,3,4
245,13230,396,10173.80689,85,10,2019-12-20,12,15.411764705882353,85,1,1,1
246,13233,20,1245.0249600000002,16,4,2019-08-06,148,20.0,16,3,3,3
247,13238,35,467.94696000000005,5,3,2019-05-31,215,20.0,5,3,4,4
248,13240,49,1555.1232200000002,21,5,2019-04-14,262,10.0,21,4,3,3
249,13246,65,2277.55408,40,9,2019-09-13,110,21.0,40,2,2,2
250,13253,122,565.10205,16,7,2019-07-19,166,10.0,16,3,3,4
251,13255,12,1309.09044,6,2,2019-01-05,361,10.0,6,4,4,3
252,13263,175,2220.68527,39,8,2019-09-18,105,30.0,39,2,2,2
253,13266,3,51.12642,1,1,2019-06-12,203,30.0,1,3,4,4
254,13267,1141,14376.54036,46,7,2019-08-23,131,22.608695652173914,46,2,1,1
255,13269,224,2901.2089600000004,28,4,2019-05-18,228,20.0,28,4,2,2
256,13270,1,84.71000000000002,1,1,2019-04-07,269,10.0,1,4,4,4
257,13280,220,7884.850640000001,78,10,2019-11-15,47,20.0,78,1,1,1
258,13284,18,742.0548000000001,14,4,2019-09-30,93,20.714285714285715,14,2,3,3
259,13295,71,661.07456,11,4,2019-06-05,210,28.181818181818183,11,3,3,4
260,13304,29,785.6132400000001,21,4,2019-07-15,170,10.0,21,3,3,3
261,13305,7,497.62693,5,4,2019-01-20,346,10.0,5,4,4,4
262,13309,51,3534.54532,34,6,2019-12-23,9,30.0,34,1,2,2
263,13310,138,1847.65114,29,6,2019-10-23,70,28.620689655172413,29,2,2,2
264,13313,21,517.5003,17,5,2019-07-16,169,10.0,17,3,3,4
265,13317,36,852.67944,13,4,2019-06-13,202,30.0,13,3,3,3
266,13319,277,6907.663280000001,98,9,2019-07-17,168,10.612244897959183,98,3,1,1
267,13324,103,2332.05912,10,3,2019-11-27,35,20.0,10,1,4,2
268,13327,28,936.96172,21,5,2019-04-19,257,10.0,21,4,3,3
269,13328,41,2147.05184,17,7,2019-11-13,49,20.0,17,1,3,2
270,13329,10,509.92394,9,3,2019-07-08,177,26.666666666666668,9,3,4,4
271,13330,50,1217.06336,13,4,2019-11-17,45,20.0,13,1,3,3
272,13368,35,151.2435,1,1,2019-07-28,157,10.0,1,3,4,4
273,13369,25,1741.7361200000003,19,4,2019-07-08,177,10.0,19,3,3,3
274,13370,129,3329.90968,44,9,2019-04-08,268,17.954545454545453,44,4,2,2
275,13385,199,3164.91816,35,8,2019-08-30,124,20.0,35,2,2,2
276,13394,20,1042.82058,16,6,2019-12-16,16,30.0,16,1,3,3
277,13396,26,2378.7017400000004,16,6,2019-11-27,35,10.625,16,1,3,2
278,13397,10,569.5780800000001,8,4,2019-07-18,167,10.0,8,3,4,4
279,13402,55,1471.71788,16,5,2019-01-30,336,10.0,16,4,3,3
280,13405,8,311.89878000000004,6,5,2019-10-27,66,10.0,6,2,4,4
281,13408,1040,8554.434870000001,78,12,2019-11-29,33,16.794871794871796,78,1,1,1
282,13418,96,3926.91984,49,8,2019-06-08,207,16.53061224489796,49,3,1,1
283,13426,101,1039.04676,32,8,2019-08-02,152,22.8125,32,3,2,3
284,13448,237,2580.53144,35,8,2019-05-21,225,15.142857142857142,35,4,2,2
285,13451,53,1812.50424,48,8,2019-08-11,143,20.0,48,3,1,2
286,13455,93,3258.6386500000003,36,5,2019-09-04,119,13.333333333333334,36,2,2,2
287,13458,190,3734.62663,84,10,2019-09-18,105,17.38095238095238,84,2,1,2
288,13468,1151,8197.30674,78,12,2019-12-12,20,21.41025641025641,78,1,1,1
289,13473,83,568.20992,13,5,2019-08-28,126,20.0,13,2,3,4
290,13481,1,14.7928,1,1,2019-03-16,291,30.0,1,4,4,4
291,13487,14,380.59002,11,3,2019-07-12,173,10.0,11,3,3,4
292,13488,719,10467.48775,149,11,2019-12-20,12,25.16778523489933,149,1,1,1
293,13491,144,4167.00591,42,9,2019-12-12,20,18.571428571428573,42,1,2,1
294,13494,24,979.42913,18,5,2019-12-06,26,30.0,18,1,3,3
295,13495,40,1699.9669000000001,26,4,2019-06-05,210,26.923076923076923,26,3,2,3
296,13496,142,1331.62864,27,6,2019-06-21,194,30.0,27,3,2,3
297,13497,24,802.19108,10,3,2019-03-06,301,30.0,10,4,4,3
298,13502,13,115.42854,4,3,2019-09-26,97,30.0,4,2,4,4
299,13506,106,3545.7810200000004,29,6,2019-12-02,30,21.03448275862069,29,1,2,2
300,13520,69,3094.26566,31,6,2019-09-22,101,28.06451612903226,31,2,2,2
301,13523,36,1763.4273900000003,30,8,2019-04-06,270,10.0,30,4,2,3
302,13527,6,64.56165999999999,5,4,2019-09-08,115,30.0,5,2,4,4
303,13531,199,6995.54292,15,3,2019-04-07,269,10.0,15,4,3,1
304,13534,246,3751.00939,52,10,2019-11-14,48,17.884615384615383,52,1,1,2
305,13538,3,34.58608,3,3,2019-11-17,45,20.0,3,1,4,4
306,13539,12,984.15383,11,5,2019-12-19,13,30.0,11,1,3,3
307,13551,5,1015.0567800000001,4,3,2019-10-16,77,10.0,4,2,4,3
308,13552,40,294.42416000000003,8,4,2019-11-17,45,20.0,8,1,4,4
309,13564,205,7289.16669,82,8,2019-07-11,174,20.0,82,3,1,1
310,13565,15,909.3280800000001,13,6,2019-08-11,143,20.0,13,3,3,3
311,13569,134,1631.55293,24,6,2019-03-21,286,30.0,24,4,2,3
312,13576,226,2088.9089,34,6,2019-12-14,18,13.235294117647058,34,1,2,2
313,13579,9,431.40694,9,5,2019-03-02,305,30.0,9,4,4,4
314,13581,15,752.9832700000001,10,5,2019-12-19,13,30.0,10,1,4,3
315,13584,35,2368.27637,24,6,2019-12-29,3,30.0,24,1,2,2
316,13593,171,2526.2536,39,8,2019-08-07,147,20.0,39,3,2,2
317,13599,32,1703.98227,30,7,2019-09-04,119,23.0,30,2,2,3
318,13600,23,2214.33839,19,5,2019-12-02,30,30.0,19,1,3,2
319,13606,4,295.96221,3,3,2019-12-06,26,30.0,3,1,4,4
320,13611,133,961.2864099999999,15,6,2019-06-03,212,30.0,15,3,3,3
321,13614,31,555.09776,9,5,2019-08-28,126,20.0,9,2,4,4
322,13615,232,2068.2271600000004,24,7,2019-11-27,35,10.416666666666666,24,1,2,2
323,13627,62,1582.6145,20,5,2019-06-25,190,30.0,20,3,3,3
324,13629,14,889.8865900000001,8,3,2019-12-10,22,22.5,8,1,4,3
325,13634,208,1092.3295899999998,38,8,2019-09-06,117,30.0,38,2,2,3
326,13649,59,727.95631,15,7,2019-04-07,269,10.0,15,4,3,3
327,13652,20,448.88679999999994,18,1,2019-03-04,303,30.0,18,4,3,4
328,13656,68,2263.39626,31,5,2019-07-31,154,10.0,31,3,2,2
329,13659,113,4543.32769,62,7,2019-10-07,86,10.0,62,2,1,1
330,13668,113,4199.59954,61,10,2019-12-19,13,23.278688524590162,61,1,1,1
331,13672,8,246.40016000000003,6,4,2019-08-19,135,20.0,6,3,4,4
332,13680,299,6515.724920000001,91,10,2019-08-02,152,12.307692307692308,91,3,1,1
333,13693,10,55.35478,4,3,2019-09-18,105,30.0,4,2,4,4
334,13694,152,5465.07953,104,11,2019-12-20,12,21.73076923076923,104,1,1,1
335,13700,110,1197.7717499999999,26,7,2019-09-06,117,30.0,26,2,2,3
336,13703,2,255.61000000000004,1,1,2019-10-23,70,10.0,1,2,4,4
337,13705,16,1331.10506,10,4,2019-01-03,363,10.0,10,4,4,3
338,13707,272,3849.18584,32,7,2019-11-20,42,20.0,32,1,2,2
339,13709,471,2522.9265600000003,31,8,2019-11-21,41,20.0,31,1,2,2
340,13715,271,7570.67612,99,9,2019-08-01,153,13.333333333333334,99,3,1,1
341,13725,50,3875.48772,41,4,2019-12-23,9,30.0,41,1,2,2
342,13728,19,790.4326100000001,9,4,2019-12-12,20,30.0,9,1,4,3
343,13742,500,9044.320660000001,96,11,2019-10-11,82,10.0,96,2,1,1
344,13747,1,158.6729,1,1,2019-01-03,363,10.0,1,4,4,4
345,13748,1,7.81688,1,1,2019-01-01,365,10.0,1,4,4,4
346,13750,1,8.63376,1,1,2019-08-02,152,20.0,1,3,4,4
347,13754,89,908.52232,8,3,2019-11-03,59,20.0,8,2,4,3
348,13756,46,1403.70682,16,5,2019-06-13,202,30.0,16,3,3,3
349,13758,60,2274.2009,33,5,2019-08-08,146,12.727272727272727,33,3,2,2
350,13764,97,4405.87074,68,8,2019-07-30,155,10.0,68,3,1,1
351,13767,206,6016.83073,73,10,2019-08-16,138,18.08219178082192,73,3,1,1
352,13769,100,2933.00117,32,7,2019-10-05,88,28.4375,32,2,2,2
353,13777,80,6490.537560000001,67,7,2019-12-13,19,15.970149253731343,67,1,1,1
354,13782,80,2769.7121700000002,36,6,2019-09-05,118,30.0,36,2,2,2
355,13784,6,269.37328,6,3,2019-12-08,24,21.666666666666668,6,1,4,4
356,13786,29,508.20476999999994,7,5,2019-03-23,284,30.0,7,4,4,4
357,13787,8,376.04592,7,2,2019-05-01,245,20.0,7,4,4,4
358,13798,348,10302.69635,123,12,2019-10-11,82,16.016260162601625,123,2,1,1
359,13800,60,2772.64588,33,7,2019-12-18,14,30.0,33,1,2,2
360,13802,48,1128.85444,22,7,2019-12-06,26,29.09090909090909,22,1,2,3
361,13807,12,1026.69348,7,3,2019-03-26,281,30.0,7,4,4,3
362,13815,85,8353.18956,53,7,2019-10-22,71,10.0,53,2,1,1
363,13817,10,183.41964000000002,9,3,2019-07-14,171,10.0,9,3,4,4
364,13819,150,2985.9175400000004,24,6,2019-12-19,13,19.166666666666668,24,1,2,2
365,13824,12,736.56248,11,2,2019-12-13,19,30.0,11,1,3,3
366,13829,1,20.033739999999998,1,1,2019-06-12,203,30.0,1,3,4,4
367,13831,3,290.33456,2,2,2019-02-16,319,20.0,2,4,4,4
368,13837,120,1173.1874400000002,9,5,2019-10-30,63,10.0,9,2,4,3
369,13838,185,6098.280320000001,52,9,2019-02-11,324,20.0,52,4,1,1
370,13842,562,6513.061540000001,55,8,2019-12-19,13,26.727272727272727,55,1,1,1
371,13846,210,1168.28178,28,7,2019-06-02,213,30.0,28,3,2,3
372,13848,15,132.38150000000002,1,1,2019-04-07,269,10.0,1,4,4,4
373,13854,144,2815.2392400000003,33,7,2019-12-10,22,19.696969696969695,33,1,2,2
374,13859,71,2019.08405,27,9,2019-09-14,109,30.0,27,2,2,2
375,13862,84,3167.88824,29,8,2019-09-04,119,20.689655172413794,29,2,2,2
376,13869,729,11074.0473,71,9,2019-11-27,35,22.95774647887324,71,1,1,1
377,13871,33,2702.07427,23,4,2019-12-20,12,30.0,23,1,2,2
378,13873,7,335.98028,7,2,2019-12-15,17,30.0,7,1,4,4
379,13874,81,860.68441,18,6,2019-06-22,193,30.0,18,3,3,3
380,13880,27,986.743,6,2,2019-03-23,284,30.0,6,4,4,3
381,13881,25,1661.55956,13,5,2019-12-04,28,30.0,13,1,3,3
382,13883,10,34.91,1,1,2019-09-14,109,30.0,1,2,4,4
383,13890,141,1369.88468,12,5,2019-11-03,59,29.166666666666668,12,2,3,3
384,13894,11,650.6081800000001,10,5,2019-12-13,19,30.0,10,1,4,4
385,13898,122,335.17186,12,3,2019-09-15,108,30.0,12,2,3,4
386,13901,22,759.3011200000001,11,4,2019-10-18,75,10.0,11,2,3,3
387,13911,131,2573.51416,25,6,2019-12-27,5,30.0,25,1,2,2
388,13922,27,368.18522,7,4,2019-07-14,171,10.0,7,3,4,4
389,13929,157,2213.1935399999998,3,2,2019-10-05,88,23.333333333333332,3,2,4,2
390,13939,14,1168.01117,13,5,2019-12-12,20,30.0,13,1,3,3
391,13941,17,975.09748,12,6,2019-02-09,326,10.833333333333334,12,4,3,3
392,13948,3,147.76608000000002,3,2,2019-05-22,224,20.0,3,4,4,4
393,13953,1,13.6464,1,1,2019-07-13,172,10.0,1,3,4,4
394,13958,5,492.32529999999997,5,2,2019-01-29,337,10.0,5,4,4,4
395,13959,30,989.20432,16,4,2019-05-10,236,20.0,16,4,3,3
396,13963,371,4853.781919999999,35,8,2019-12-26,6,19.142857142857142,35,1,2,1
397,13969,251,3396.2284200000004,44,7,2019-10-04,89,10.0,44,2,2,2
398,13982,180,4014.0444800000005,52,11,2019-09-11,112,21.153846153846153,52,2,1,1
399,13983,549,8761.715479999999,48,9,2019-09-13,110,30.0,48,2,1,1
400,13984,11,157.8905,9,2,2019-09-18,105,18.88888888888889,9,2,4,4
401,13993,25,537.36752,18,4,2019-08-27,127,20.0,18,2,3,4
402,13999,45,3104.26162,32,5,2019-10-03,90,15.3125,32,2,2,2
403,14001,63,1182.0972000000002,9,4,2019-01-09,357,10.0,9,4,4,3
404,14006,12,584.94368,7,3,2019-12-02,30,30.0,7,1,4,4
405,14016,53,1490.45339,39,9,2019-06-27,188,30.0,39,3,2,3
406,14030,321,4946.32692,26,6,2019-04-10,266,10.0,26,4,2,1
407,14031,160,3379.9943000000003,51,10,2019-09-25,98,16.666666666666668,51,2,1,2
408,14032,239,3626.01404,32,6,2019-07-14,171,28.4375,32,3,2,2
409,14037,71,1635.71334,26,6,2019-04-27,249,10.0,26,4,2,3
410,14040,333,7694.52832,67,8,2019-11-22,40,20.0,67,1,1,1
411,14044,72,6102.0871099999995,55,9,2019-12-17,15,30.0,55,1,1,1
412,14045,8,165.54782,5,4,2019-07-26,159,10.0,5,3,4,4
413,14047,97,379.66346,15,5,2019-08-01,153,11.333333333333334,15,3,3,4
414,14049,271,11716.79764,115,10,2019-10-29,64,10.0,115,2,1,1
415,14051,73,3652.23754,40,12,2019-11-21,41,15.0,40,1,2,2
416,14057,132,3205.2800800000005,48,8,2019-05-31,215,20.0,48,3,1,2
417,14060,345,4064.2794500000005,39,11,2019-10-28,65,15.384615384615385,39,2,2,1
418,14062,232,4832.102080000001,44,6,2019-09-28,95,22.045454545454547,44,2,2,1
419,14068,254,2367.6896300000003,24,7,2019-10-11,82,10.0,24,2,2,2
420,14078,138,2527.70864,12,4,2019-01-09,357,10.0,12,4,3,2
421,14081,247,4662.40199,68,10,2019-03-02,305,30.0,68,4,1,1
422,14082,30,2608.94972,29,3,2019-04-25,251,10.0,29,4,2,2
423,14083,644,7110.77418,93,11,2019-07-10,175,16.881720430107528,93,3,1,1
424,14085,689,11168.21952,170,12,2019-12-18,14,22.294117647058822,170,1,1,1
425,14088,358,10164.474970000001,93,9,2019-10-03,90,10.0,93,2,1,1
426,14090,1,16.9032,1,1,2019-09-20,103,30.0,1,2,4,4
427,14092,194,3051.8975100000002,61,9,2019-10-04,89,14.262295081967213,61,2,1,2
428,14099,383,6298.89977,59,7,2019-09-04,119,16.440677966101696,59,2,1,1
429,14101,4,120.39921999999999,3,1,2019-09-11,112,30.0,3,2,4,4
430,14107,48,1228.80817,17,5,2019-07-07,178,10.0,17,3,3,3
431,14113,43,644.80032,7,4,2019-12-05,27,15.714285714285714,7,1,4,4
432,14114,14,957.89952,10,5,2019-08-27,127,20.0,10,2,4,3
433,14119,1,22.13178,1,1,2019-07-08,177,10.0,1,3,4,4
434,14127,27,1726.77278,20,5,2019-12-12,20,30.0,20,1,3,3
435,14130,168,9987.09474,66,7,2019-10-17,76,10.0,66,2,1,1
436,14133,46,1898.4120500000001,17,5,2019-12-18,14,20.58823529411765,17,1,3,2
437,14135,199,5262.57229,70,12,2019-09-09,114,17.571428571428573,70,2,1,1
438,14142,40,3733.22204,22,5,2019-01-15,351,10.0,22,4,2,2
439,14146,579,9165.805639999999,70,8,2019-11-16,46,25.0,70,1,1,1
440,14150,12,617.37938,11,4,2019-06-03,212,30.0,11,3,3,4
441,14156,112,7223.24561,86,10,2019-12-18,14,29.186046511627907,86,1,1,1
442,14159,128,2340.6340800000003,49,7,2019-05-04,242,20.0,49,4,1,2
443,14161,89,2541.67872,26,7,2019-02-23,312,20.0,26,4,2,2
444,14167,175,1311.15816,18,9,2019-08-25,129,20.0,18,2,3,3
445,14175,64,1825.5463800000002,21,8,2019-10-05,88,17.61904761904762,21,2,3,2
446,14176,15,459.37734,14,7,2019-09-09,114,29.285714285714285,14,2,3,4
447,14180,1669,21510.329279999998,88,12,2019-12-16,16,22.15909090909091,88,1,1,1
448,14185,12,110.8896,3,1,2019-08-24,130,20.0,3,2,4,4
449,14188,57,1098.2636499999999,12,6,2019-12-13,19,30.0,12,1,3,3
450,14189,357,5291.259080000001,47,10,2019-10-26,67,13.829787234042554,47,2,1,1
451,14194,52,3473.10028,30,7,2019-12-27,5,30.0,30,1,2,2
452,14201,6,271.9092,4,2,2019-06-08,207,30.0,4,3,4,4
453,14205,61,1588.61671,14,7,2019-04-17,259,10.0,14,4,3,3
454,14206,2,268.24,1,1,2019-05-22,224,20.0,1,4,4,4
455,14209,332,2213.32152,16,6,2019-08-19,135,20.0,16,3,3,2
456,14210,53,3440.5777000000003,37,9,2019-07-18,167,14.054054054054054,37,3,2,2
457,14213,5,98.40556000000001,5,4,2019-01-31,335,10.0,5,4,4,4
458,14215,244,3320.0394800000004,52,8,2019-11-21,41,20.96153846153846,52,1,1,2
459,14217,48,927.6943200000001,22,4,2019-12-09,23,19.09090909090909,22,1,2,3
460,14220,12,799.42166,11,4,2019-06-22,193,30.0,11,3,3,3
461,14221,266,2308.3495000000003,18,8,2019-07-19,166,10.0,18,3,3,2
462,14224,113,4001.3506500000003,40,8,2019-10-10,83,10.0,40,2,2,1
463,14229,37,1680.7128,23,7,2019-11-20,42,20.0,23,1,2,3
464,14233,44,1933.82993,15,5,2019-12-11,21,22.0,15,1,3,2
465,14236,23,274.1973,3,3,2019-01-31,335,10.0,3,4,4,4
466,14237,22,933.07434,9,4,2019-01-09,357,10.0,9,4,4,3
467,14238,29,860.8407599999999,8,3,2019-09-12,111,30.0,8,2,4,3
468,14239,139,483.28592000000003,9,4,2019-11-12,50,20.0,9,1,4,4
469,14242,10,777.22724,8,2,2019-09-14,109,30.0,8,2,4,3
470,14243,126,3584.62073,39,9,2019-10-31,62,15.128205128205128,39,2,2,2
471,14248,16,264.117,8,1,2019-10-27,66,10.0,8,2,4,4
472,14256,73,3061.2512300000003,30,6,2019-04-27,249,10.0,30,4,2,2
473,14257,116,4195.37616,39,6,2019-10-19,74,10.0,39,2,2,1
474,14258,78,1358.49093,31,8,2019-07-27,158,10.0,31,3,2,3
475,14264,2,30.65638,2,2,2019-01-30,336,10.0,2,4,4,4
476,14270,174,1770.1588800000002,29,5,2019-08-22,132,20.0,29,2,2,3
477,14282,53,974.21252,13,6,2019-03-21,286,30.0,13,4,3,3
478,14290,390,3173.71232,24,6,2019-11-12,50,20.0,24,1,2,2
479,14292,7,467.60720000000003,3,2,2019-09-14,109,30.0,3,2,4,4
480,14293,40,815.3996999999999,15,5,2019-03-04,303,30.0,15,4,3,3
481,14295,6,209.51600000000002,2,2,2019-08-18,136,20.0,2,3,4,4
482,14298,789,16223.500310000001,240,13,2019-11-29,33,16.25,240,1,1,1
483,14299,129,3266.20038,34,7,2019-11-11,51,12.352941176470589,34,1,2,2
484,14307,391,7985.80895,78,11,2019-09-23,100,17.94871794871795,78,2,1,1
485,14309,39,774.06993,22,8,2019-12-15,17,30.0,22,1,2,3
486,14312,551,3248.1497999999997,23,7,2019-12-12,20,16.956521739130434,23,1,2,2
487,14320,43,2701.7554200000004,33,10,2019-10-01,92,16.96969696969697,33,2,2,2
488,14321,157,2224.48696,29,7,2019-08-14,140,20.0,29,3,2,2
489,14329,158,4065.70424,76,11,2019-09-02,121,30.0,76,2,1,1
490,14334,134,3294.66113,41,7,2019-10-13,80,19.26829268292683,41,2,2,2
491,14341,135,1830.1710600000001,24,7,2019-11-03,59,10.416666666666666,24,2,2,2
492,14344,29,1542.62334,14,4,2019-06-22,193,30.0,14,3,3,3
493,14355,100,1427.24526,11,7,2019-04-13,263,10.0,11,4,3,3
494,14368,8,1471.785,7,3,2019-10-12,81,10.0,7,2,4,3
495,14373,4,146.62796,4,2,2019-06-20,195,30.0,4,3,4,4
496,14388,250,1813.4761600000002,23,6,2019-04-09,267,10.0,23,4,2,2
497,14389,166,714.75138,6,3,2019-10-23,70,10.0,6,2,4,3
498,14390,39,3670.8323600000003,28,5,2019-01-20,346,10.0,28,4,2,2
499,14395,115,3890.16052,62,8,2019-08-11,143,15.806451612903226,62,3,1,2
500,14396,341,4395.894,34,7,2019-02-08,327,20.0,34,4,2,1
501,14401,39,1591.42711,20,7,2019-11-21,41,27.5,20,1,3,3
502,14404,62,2903.79458,46,8,2019-09-06,117,30.0,46,2,1,2
503,14409,26,2310.1374,14,3,2019-10-19,74,14.285714285714286,14,2,3,2
504,14410,11,891.00257,8,3,2019-12-31,1,30.0,8,1,4,3
505,14411,14,555.1851399999999,14,5,2019-12-11,21,30.0,14,1,3,4
506,14413,107,2341.71336,23,6,2019-05-09,237,20.0,23,4,2,2
507,14414,9,236.59498,8,3,2019-06-14,201,30.0,8,3,4,4
508,14415,384,10252.47952,117,10,2019-09-18,105,22.307692307692307,117,2,1,1
509,14419,47,1649.0529900000001,21,6,2019-04-25,251,10.0,21,4,3,3
510,14426,69,3543.0606000000002,47,6,2019-11-27,35,20.425531914893618,47,1,1,2
511,14428,32,1048.11019,24,7,2019-09-18,105,30.0,24,2,2,3
512,14437,5,197.34346000000002,5,3,2019-04-11,265,10.0,5,4,4,4
513,14438,29,447.41712,9,4,2019-12-31,1,30.0,9,1,4,4
514,14439,99,2992.1476000000002,32,10,2019-10-13,80,10.0,32,2,2,2
515,14440,280,4910.2848300000005,31,8,2019-11-06,56,15.806451612903226,31,1,2,1
516,14441,3,50.856899999999996,2,2,2019-10-03,90,10.0,2,2,4,4
517,14442,251,3713.3016700000003,32,5,2019-12-03,29,20.625,32,1,2,2
518,14443,150,2119.102,40,7,2019-12-14,18,28.5,40,1,2,2
519,14448,43,722.25264,18,8,2019-05-02,244,20.0,18,4,3,3
520,14449,406,7201.60951,50,9,2019-01-25,341,10.0,50,4,1,1
521,14450,44,970.2567400000001,11,6,2019-10-06,87,10.0,11,2,3,3
522,14457,106,1347.4977999999999,4,2,2019-12-11,21,30.0,4,1,4,3
523,14460,3,346.7862,2,1,2019-12-12,20,30.0,2,1,4,4
524,14462,83,6769.3613399999995,59,9,2019-12-25,7,28.983050847457626,59,1,1,1
525,14466,23,1851.8084,17,5,2019-12-21,11,18.235294117647058,17,1,3,2
526,14467,193,2521.6207200000003,15,7,2019-11-29,33,20.0,15,1,3,2
527,14472,831,5759.420910000001,67,8,2019-08-08,146,14.925373134328359,67,3,1,1
528,14479,50,430.24652,10,2,2019-04-14,262,10.0,10,4,4,4
529,14487,124,1447.42226,14,5,2019-03-13,294,30.0,14,4,3,3
530,14491,60,553.3631,4,2,2019-01-21,345,10.0,4,4,4,4
531,14496,29,682.8861099999999,19,8,2019-12-04,28,24.736842105263158,19,1,3,3
532,14497,154,2357.12307,29,6,2019-12-19,13,30.0,29,1,2,2
533,14498,18,700.3114400000001,14,6,2019-05-14,232,20.0,14,4,3,3
534,14501,5,991.62,4,1,2019-10-12,81,10.0,4,2,4,3
535,14502,57,4436.8149,45,9,2019-12-01,31,20.444444444444443,45,1,2,1
536,14505,503,11024.98528,180,11,2019-08-04,150,17.555555555555557,180,3,1,1
537,14506,133,6119.20528,49,8,2019-02-27,308,20.0,49,4,1,1
538,14514,72,1223.5207200000002,26,7,2019-08-25,129,20.0,26,2,2,3
539,14524,34,936.6976000000001,25,6,2019-05-23,223,20.0,25,4,2,3
540,14525,32,1937.4071600000002,27,2,2019-09-11,112,22.59259259259259,27,2,2,2
541,14527,953,16122.559560000002,197,14,2019-11-29,33,18.223350253807105,197,1,1,1
542,14532,53,1790.15244,23,8,2019-11-22,40,13.91304347826087,23,1,2,2
543,14533,20,1355.0409800000002,10,4,2019-07-13,172,10.0,10,3,4,3
544,14534,85,5214.290580000001,29,6,2019-10-23,70,10.0,29,2,2,1
545,14540,13,1169.54999,11,3,2019-12-19,13,30.0,11,1,3,3
546,14541,1069,12313.478720000001,75,10,2019-11-14,48,16.666666666666668,75,1,1,1
547,14543,22,2648.21389,11,4,2019-10-20,73,10.0,11,2,3,2
548,14544,493,4343.996880000001,54,7,2019-05-15,231,20.0,54,4,1,1
549,14548,3,324.00138000000004,2,2,2019-10-27,66,10.0,2,2,4,4
550,14549,445,5874.08439,56,9,2019-12-08,24,30.0,56,1,1,1
551,14553,30,892.97922,23,7,2019-07-19,166,10.0,23,3,2,3
552,14560,28,1814.0825900000002,22,7,2019-12-21,11,27.272727272727273,22,1,2,2
553,14565,110,1955.1353600000002,54,7,2019-05-16,230,20.0,54,4,1,2
554,14572,109,4450.30144,58,9,2019-09-26,97,30.0,58,2,1,1
555,14573,625,7865.7878200000005,76,7,2019-01-31,335,10.0,76,4,1,1
556,14576,1,70.03945999999999,1,1,2019-01-30,336,10.0,1,4,4,4
557,14577,69,2438.98328,37,8,2019-05-04,242,20.0,37,4,2,2
558,14587,441,9235.07814,118,10,2019-12-07,25,22.54237288135593,118,1,1,1
559,14589,35,277.16639999999995,3,2,2019-02-02,333,20.0,3,4,4,4
560,14594,61,4871.5595,31,6,2019-01-11,355,10.0,31,4,2,1
561,14595,7,705.89456,5,2,2019-11-23,39,20.0,5,1,4,3
562,14600,9,584.4935999999999,2,1,2019-12-31,1,30.0,2,1,4,4
563,14606,3119,56467.10347,570,16,2019-12-31,1,21.210526315789473,570,1,1,1
564,14608,1,11.276959999999999,1,1,2019-05-11,235,20.0,1,4,4,4
565,14616,1,123.81000000000002,1,1,2019-10-31,62,10.0,1,2,4,4
566,14618,40,577.7505500000001,6,4,2019-07-27,158,10.0,6,3,4,4
567,14621,1013,2800.30952,15,5,2019-06-16,199,30.0,15,3,3,2
568,14625,119,2667.37928,36,6,2019-05-19,227,19.444444444444443,36,4,2,2
569,14627,7,508.52765,5,3,2019-12-05,27,30.0,5,1,4,4
570,14639,52,2876.49438,41,7,2019-06-20,195,20.24390243902439,41,3,2,2
571,14643,69,1028.4019,18,5,2019-07-12,173,26.666666666666668,18,3,3,3
572,14646,776,21054.85496,287,15,2019-10-02,91,15.923344947735192,287,2,1,1
573,14653,176,2522.84722,29,5,2019-07-23,162,10.0,29,3,2,2
574,14657,251,5128.37948,62,8,2019-09-13,110,30.0,62,2,1,1
575,14659,116,5373.569280000001,50,9,2019-11-19,43,20.0,50,1,1,1
576,14662,120,3803.2363200000004,24,8,2019-11-15,47,20.0,24,1,2,2
577,14665,403,4498.134749999999,26,7,2019-12-11,21,30.0,26,1,2,1
578,14667,1570,27033.73325,165,11,2019-09-12,111,16.666666666666668,165,2,1,1
579,14669,146,6358.0689600000005,110,13,2019-08-19,135,20.0,110,3,1,1
580,14672,163,2208.6444,32,8,2019-08-06,148,20.0,32,3,2,2
581,14673,28,1371.2055799999998,15,4,2019-03-21,286,30.0,15,4,3,3
582,14679,1,158.6729,1,1,2019-01-31,335,10.0,1,4,4,4
583,14680,572,7739.0483,88,7,2019-10-22,71,13.977272727272727,88,2,1,1
584,14684,264,3035.33464,43,7,2019-05-08,238,20.0,43,4,2,2
585,14688,123,6901.04489,57,10,2019-11-29,33,20.17543859649123,57,1,1,1
586,14692,48,5168.69268,28,6,2019-10-14,79,10.0,28,2,2,1
587,14696,96,3455.73231,35,7,2019-09-15,108,19.142857142857142,35,2,2,2
588,14701,277,7374.555840000001,57,10,2019-11-09,53,20.0,57,1,1,1
589,14702,307,7909.80406,90,9,2019-11-16,46,16.77777777777778,90,1,1,1
590,14708,54,2085.5081299999997,12,6,2019-05-24,222,29.166666666666668,12,4,3,2
591,14709,103,2610.3648200000002,37,7,2019-11-21,41,24.054054054054053,37,1,2,2
592,14713,215,6890.84166,78,8,2019-09-30,93,24.102564102564102,78,2,1,1
593,14715,13,502.70488,13,6,2019-08-24,130,20.0,13,2,3,4
594,14723,293,6630.7925000000005,87,11,2019-06-23,192,25.402298850574713,87,3,1,1
595,14729,352,8563.79361,71,10,2019-01-08,358,10.0,71,4,1,1
596,14732,10,354.92064,10,4,2019-07-18,167,10.0,10,3,4,4
597,14733,616,10568.82479,133,11,2019-11-03,59,20.827067669172934,133,2,1,1
598,14735,209,2735.90034,33,10,2019-12-14,18,30.0,33,1,2,2
599,14737,21,275.36662,8,3,2019-07-12,173,10.0,8,3,4,4
600,14738,17,1889.5611200000003,11,4,2019-11-11,51,20.0,11,1,3,2
601,14739,29,957.1593600000001,18,4,2019-07-23,162,23.333333333333332,18,3,3,3
602,14741,33,1503.34268,19,5,2019-05-14,232,15.263157894736842,19,4,3,3
603,14744,136,1655.3242400000001,14,6,2019-12-03,29,19.285714285714285,14,1,3,3
604,14748,210,1466.52389,35,6,2019-08-23,131,29.142857142857142,35,2,2,3
605,14755,40,2550.48248,27,8,2019-08-10,144,20.0,27,3,2,2
606,14761,116,899.16624,7,4,2019-08-09,145,20.0,7,3,4,3
607,14766,10,820.0372400000001,8,2,2019-04-18,258,10.0,8,4,4,3
608,14769,80,4370.1179,59,8,2019-09-20,103,29.322033898305083,59,2,1,1
609,14770,137,1123.25173,16,9,2019-09-29,94,30.0,16,2,3,3
610,14775,43,1583.51992,20,5,2019-01-29,337,10.0,20,4,3,3
611,14776,31,2732.16184,22,6,2019-11-29,33,20.0,22,1,2,2
612,14777,2,63.75227999999999,2,1,2019-06-20,195,30.0,2,3,4,4
613,14778,72,2295.96053,18,5,2019-12-21,11,30.0,18,1,3,2
614,14779,643,7391.722919999999,35,7,2019-10-03,90,27.714285714285715,35,2,2,1
615,14782,11,517.28724,6,5,2019-10-13,80,10.0,6,2,4,4
616,14784,12,204.103,4,2,2019-09-26,97,30.0,4,2,4,4
617,14794,13,738.10112,9,4,2019-08-12,142,20.0,9,3,4,3
618,14796,644,14210.088870000001,141,12,2019-10-12,81,19.78723404255319,141,2,1,1
619,14798,8,926.77205,6,2,2019-12-14,18,30.0,6,1,4,3
620,14800,399,10509.289120000001,142,10,2019-08-08,146,20.0,142,3,1,1
621,14805,56,2758.3720000000003,19,5,2019-11-22,40,20.0,19,1,3,2
622,14810,275,5864.31664,54,8,2019-12-28,4,22.962962962962962,54,1,1,1
623,14813,42,2657.7900000000004,30,5,2019-02-15,320,20.0,30,4,2,2
624,14821,3,287.89000000000004,2,1,2019-03-27,280,30.0,2,4,4,4
625,14825,225,1708.59384,18,7,2019-06-14,201,30.0,18,3,3,3
626,14828,5,322.44568000000004,5,2,2019-08-02,152,20.0,5,3,4,4
627,14829,47,4651.1841,29,4,2019-06-12,203,13.793103448275861,29,3,2,1
628,14841,24,1896.17185,19,4,2019-06-13,202,30.0,19,3,3,2
629,14842,2,138.6988,2,2,2019-12-27,5,30.0,2,1,4,4
630,14849,219,5376.602940000001,52,6,2019-11-03,59,14.423076923076923,52,2,1,1
631,14850,30,1288.63617,22,5,2019-12-06,26,30.0,22,1,2,3
632,14865,3,52.65438,3,2,2019-01-30,336,10.0,3,4,4,4
633,14866,1,20.85455,1,1,2019-04-07,269,10.0,1,4,4,4
634,14867,38,903.4424600000001,16,7,2019-08-07,147,20.625,16,3,3,3
635,14871,35,902.25536,25,5,2019-05-25,221,20.0,25,3,2,3
636,14878,16,867.10406,13,3,2019-06-15,200,30.0,13,3,3,3
637,14889,19,522.68408,10,4,2019-08-06,148,20.0,10,3,4,4
638,14895,30,77.556,3,2,2019-09-30,93,30.0,3,2,4,4
639,14896,66,3591.9370200000003,32,7,2019-04-14,262,10.0,32,4,2,2
640,14898,52,1536.8925000000002,12,3,2019-09-12,111,24.166666666666668,12,2,3,3
641,14901,100,4629.90629,40,7,2019-05-24,222,19.5,40,4,2,1
642,14907,258,4449.05248,46,7,2019-05-24,222,25.652173913043477,46,4,1,1
643,14911,2222,51370.220270000005,517,15,2019-12-21,11,17.659574468085108,517,1,1,1
644,14913,27,783.07638,15,4,2019-06-09,206,30.0,15,3,3,3
645,14916,20,1792.82718,15,4,2019-09-24,99,30.0,15,2,3,2
646,14932,53,848.52049,17,4,2019-04-13,263,10.0,17,4,3,3
647,14944,2,46.33475999999999,1,1,2019-07-13,172,10.0,1,3,4,4
648,14952,15,574.07879,10,4,2019-04-29,247,16.0,10,4,4,4
649,14961,71,3213.55776,41,8,2019-08-01,153,20.0,41,3,2,2
650,14970,113,1417.45216,5,4,2019-11-09,53,20.0,5,1,4,3
651,14976,36,840.01113,16,5,2019-09-08,115,30.0,16,2,3,3
652,14978,118,4682.88888,73,9,2019-10-31,62,15.068493150684931,73,2,1,1
653,14985,62,3917.22908,49,6,2019-06-24,191,30.0,49,3,1,1
654,14987,26,343.27508,2,2,2019-04-13,263,10.0,2,4,4,4
655,15002,155,3165.2914,54,9,2019-07-20,165,20.74074074074074,54,3,1,2
656,15005,812,10445.39151,146,12,2019-12-13,19,23.493150684931507,146,1,1,1
657,15012,184,6193.97296,54,7,2019-01-09,357,10.0,54,4,1,1
658,15018,22,184.27048,3,2,2019-03-20,287,30.0,3,4,4,4
659,15021,537,3443.67795,56,10,2019-03-30,277,30.0,56,4,1,2
660,15023,335,7650.97437,104,11,2019-09-18,105,26.53846153846154,104,2,1,1
661,15024,623,3805.1985,46,10,2019-03-27,280,30.0,46,4,1,2
662,15028,57,871.1564,14,5,2019-03-10,297,30.0,14,4,3,3
663,15032,189,2076.8574000000003,29,5,2019-04-05,271,10.0,29,4,2,2
664,15033,188,3324.2406,61,12,2019-09-01,122,30.0,61,2,1,2
665,15034,303,6225.973780000001,79,8,2019-07-25,160,10.0,79,3,1,1
666,15038,69,2402.3944,35,7,2019-02-12,323,20.0,35,4,2,2
667,15039,1658,27454.94118,313,15,2019-12-05,27,21.884984025559106,313,1,1,1
668,15044,594,8413.51606,134,11,2019-08-16,138,19.70149253731343,134,3,1,1
669,15046,114,3865.07252,49,6,2019-12-12,20,18.163265306122447,49,1,1,2
670,15048,64,1505.66601,22,7,2019-03-07,300,30.0,22,4,2,3
671,15052,67,3279.2195800000004,30,5,2019-10-17,76,10.0,30,2,2,2
672,15057,67,2706.134,22,6,2019-11-16,46,20.0,22,1,2,2
673,15058,96,5032.30407,61,9,2019-12-03,29,30.0,61,1,1,1
674,15059,44,2389.19122,30,6,2019-10-06,87,19.666666666666668,30,2,2,2
675,15061,777,16403.82056,167,12,2019-10-27,66,16.58682634730539,167,2,1,1
676,15062,11,383.4849,11,4,2019-06-11,204,30.0,11,3,3,4
677,15070,103,541.14814,1,1,2019-01-19,347,10.0,1,4,4,4
678,15078,165,5594.420950000001,56,6,2019-10-16,77,18.214285714285715,56,2,1,1
679,15079,39,3970.6656800000005,27,5,2019-11-20,42,18.51851851851852,27,1,2,1
680,15081,10,472.6349,8,3,2019-03-26,281,30.0,8,4,4,4
681,15090,32,2080.02461,23,4,2019-12-26,6,30.0,23,1,2,2
682,15093,113,3910.0861800000002,38,8,2019-07-23,162,10.526315789473685,38,3,2,2
683,15100,15,904.9762400000001,6,4,2019-08-30,124,23.333333333333332,6,2,4,3
684,15101,7,235.72325999999998,5,3,2019-08-01,153,28.0,5,3,4,4
685,15107,70,1385.27458,19,5,2019-12-09,23,21.05263157894737,19,1,3,3
686,15110,719,1886.91314,9,4,2019-10-20,73,10.0,9,2,4,2
687,15111,777,2903.8738000000003,16,4,2019-01-20,346,10.0,16,4,3,2
688,15139,9,299.32320000000004,8,3,2019-08-03,151,20.0,8,3,4,4
689,15144,782,3897.16464,19,4,2019-11-29,33,20.0,19,1,3,2
690,15157,118,2539.89817,55,8,2019-06-28,187,30.0,55,3,1,2
691,15159,113,7343.380220000001,80,9,2019-11-18,44,21.375,80,1,1,1
692,15160,5,336.9105,4,3,2019-06-27,188,30.0,4,3,4,4
693,15164,24,484.99863,16,8,2019-07-18,167,10.0,16,3,3,4
694,15165,74,2352.09472,27,9,2019-01-11,355,10.0,27,4,2,2
695,15167,51,2706.8431800000003,41,7,2019-10-08,85,10.0,41,2,2,2
696,15171,9,129.45452,7,1,2019-09-22,101,22.857142857142858,7,2,4,4
697,15174,154,472.00615999999997,11,5,2019-09-30,93,30.0,11,2,3,4
698,15179,104,3933.3699000000006,45,9,2019-10-16,77,10.222222222222221,45,2,2,1
699,15180,6,487.42668000000003,6,3,2019-03-24,283,30.0,6,4,4,4
700,15181,2,72.49034,2,1,2019-05-24,222,15.0,2,4,4,4
701,15189,81,1293.87436,10,6,2019-11-29,33,17.0,10,1,4,3
702,15192,176,1042.3233200000002,15,5,2019-04-19,257,10.0,15,4,3,3
703,15194,2020,20698.58323,114,8,2019-12-02,30,26.92982456140351,114,1,1,1
704,15197,4,69.31081999999999,4,1,2019-08-22,132,27.5,4,2,4,4
705,15199,3,129.72662000000003,3,3,2019-12-26,6,30.0,3,1,4,4
706,15203,39,246.80728,20,5,2019-12-07,25,30.0,20,1,3,4
707,15204,11,308.53318,9,3,2019-06-27,188,30.0,9,3,4,4
708,15208,3,93.8223,3,1,2019-07-12,173,10.0,3,3,4,4
709,15211,115,1266.56125,22,7,2019-04-20,256,10.0,22,4,2,3
710,15213,28,714.9472400000001,25,6,2019-10-22,71,18.8,25,2,2,3
711,15215,4,238.98392000000004,2,2,2019-11-03,59,20.0,2,2,4,4
712,15218,253,2741.6427200000003,28,6,2019-10-20,73,10.0,28,2,2,2
713,15221,11,371.08666,11,1,2019-04-05,271,15.454545454545455,11,4,3,4
714,15222,7,941.8050000000002,5,2,2019-10-17,76,10.0,5,2,4,3
715,15224,29,368.29734,16,7,2019-06-20,195,27.5,16,3,3,4
716,15226,10,701.29552,8,3,2019-12-12,20,30.0,8,1,4,3
717,15227,17,1002.7195200000001,16,5,2019-11-03,59,20.0,16,2,3,3
718,15235,553,7336.938660000001,87,7,2019-12-19,13,14.482758620689655,87,1,1,1
719,15240,25,1910.93172,17,5,2019-12-04,28,26.470588235294116,17,1,3,2
720,15246,24,281.38315,12,4,2019-06-13,202,30.0,12,3,3,4
721,15260,22,1755.9497000000001,17,5,2019-01-20,346,10.0,17,4,3,3
722,15262,19,1499.04168,10,4,2019-09-27,96,30.0,10,2,4,3
723,15266,7,672.5916000000001,6,2,2019-07-23,162,10.0,6,3,4,3
724,15270,25,737.41783,18,7,2019-12-13,19,30.0,18,1,3,3
725,15271,264,4111.3774300000005,40,9,2019-07-26,159,10.0,40,3,2,1
726,15279,74,1873.0530600000002,21,4,2019-07-06,179,10.0,21,3,3,2
727,15281,248,3694.64022,55,9,2019-10-05,88,19.09090909090909,55,2,1,2
728,15288,119,2552.4471,25,5,2019-04-17,259,10.0,25,4,2,2
729,15290,23,574.17486,19,7,2019-09-04,119,25.263157894736842,19,2,3,4
730,15291,93,991.80868,35,8,2019-10-14,79,22.0,35,2,2,3
731,15296,211,5826.3129,61,6,2019-09-10,113,30.0,61,2,1,1
732,15298,182,2243.03996,39,9,2019-09-20,103,13.58974358974359,39,2,2,2
733,15299,56,370.24773,3,2,2019-01-29,337,10.0,3,4,4,4
734,15301,187,3470.21832,34,10,2019-03-07,300,30.0,34,4,2,2
735,15304,5,227.02034000000003,5,3,2019-03-06,301,30.0,5,4,4,4
736,15311,4106,75420.9639,583,16,2019-12-19,13,20.41166380789022,583,1,1,1
737,15312,27,716.75717,17,5,2019-07-07,178,10.0,17,3,3,3
738,15316,1,42.343999999999994,1,1,2019-09-09,114,30.0,1,2,4,4
739,15326,40,1679.10688,29,6,2019-08-14,140,20.0,29,3,2,3
740,15329,22,104.91615,3,3,2019-04-19,257,10.0,3,4,4,4
741,15332,231,2612.16048,35,6,2019-04-06,270,19.714285714285715,35,4,2,2
742,15339,70,5450.921060000001,41,5,2019-10-23,70,10.0,41,2,2,1
743,15346,29,748.0052800000001,17,6,2019-08-17,137,20.0,17,3,3,3
744,15347,5,108.52858,5,1,2019-04-07,269,10.0,5,4,4,4
745,15350,5,589.5627400000001,5,2,2019-01-10,356,10.0,5,4,4,4
746,15351,2160,19496.4864,53,8,2019-02-14,321,20.0,53,4,1,1
747,15353,20,848.59696,12,5,2019-03-20,287,30.0,12,4,3,3
748,15356,676,8702.187310000001,110,10,2019-05-24,222,24.636363636363637,110,4,1,1
749,15358,281,10812.757350000002,120,11,2019-12-03,29,13.5,120,1,1,1
750,15361,7,472.88304000000005,7,2,2019-05-12,234,20.0,7,4,4,4
751,15363,25,1220.95742,16,4,2019-01-22,344,10.0,16,4,3,3
752,15365,16,1888.2884800000002,12,4,2019-11-20,42,20.0,12,1,3,2
753,15366,45,1068.1692600000001,8,3,2019-06-20,195,30.0,8,3,4,3
754,15370,8,111.23664,8,3,2019-08-17,137,20.0,8,3,4,4
755,15373,229,2418.85775,24,7,2019-10-30,63,18.75,24,2,2,2
756,15379,461,9944.69636,136,10,2019-09-28,95,23.529411764705884,136,2,1,1
757,15380,7,349.43886,1,1,2019-04-19,257,10.0,1,4,4,4
758,15384,166,1498.2962,21,6,2019-06-05,210,28.095238095238095,21,3,3,3
759,15392,35,1350.47531,20,8,2019-06-21,194,30.0,20,3,3,3
760,15394,40,2179.60833,23,5,2019-06-16,199,30.0,23,3,2,2
761,15395,11,907.27048,7,3,2019-09-15,108,30.0,7,2,4,3
762,15415,61,6741.637920000001,48,3,2019-11-25,37,20.0,48,1,1,1
763,15421,38,573.86942,16,3,2019-12-13,19,30.0,16,1,3,4
764,15422,6,302.93604,6,5,2019-09-30,93,30.0,6,2,4,4
765,15426,434,6494.042,85,9,2019-03-15,292,20.11764705882353,85,4,1,1
766,15443,68,3470.2198200000003,51,7,2019-10-08,85,10.0,51,2,1,2
767,15447,44,605.7925600000001,9,4,2019-08-27,127,20.0,9,2,4,4
768,15448,54,4658.829280000001,28,5,2019-11-27,35,20.0,28,1,2,1
769,15454,113,1681.61248,25,6,2019-05-10,236,20.0,25,4,2,3
770,15456,30,1265.74224,26,7,2019-06-11,204,30.0,26,3,2,3
771,15460,252,6268.91251,57,7,2019-07-11,174,10.0,57,3,1,1
772,15464,826,14116.773220000001,154,11,2019-07-25,160,10.0,154,3,1,1
773,15465,88,1468.04998,21,5,2019-10-05,88,20.476190476190474,21,2,3,3
774,15468,1,8.6312,1,1,2019-05-23,223,20.0,1,4,4,4
775,15482,63,319.06914,8,4,2019-06-13,202,30.0,8,3,4,4
776,15485,330,2605.64525,43,10,2019-08-07,147,14.651162790697674,43,3,2,2
777,15497,14,1674.8563400000003,11,5,2019-11-27,35,10.909090909090908,11,1,3,3
778,15498,511,10770.2999,163,10,2019-10-14,79,24.233128834355828,163,2,1,1
779,15502,395,4060.24019,40,9,2019-03-16,291,30.0,40,4,2,1
780,15503,397,3805.75392,70,7,2019-05-03,243,20.0,70,4,1,2
781,15510,1,34.58536,1,1,2019-08-28,126,20.0,1,2,4,4
782,15512,12,159.93408,6,3,2019-06-06,209,30.0,6,3,4,4
783,15513,386,4811.302900000001,46,8,2019-11-08,54,16.956521739130434,46,1,1,1
784,15514,526,6878.024810000001,113,10,2019-05-25,221,19.38053097345133,113,3,1,1
785,15518,151,4383.6471,66,9,2019-10-23,70,16.818181818181817,66,2,1,1
786,15525,414,8198.98228,56,10,2019-01-09,357,10.0,56,4,1,1
787,15527,41,2762.0740200000005,27,7,2019-11-18,44,13.333333333333334,27,1,2,2
788,15529,330,7120.54249,76,10,2019-09-27,96,29.473684210526315,76,2,1,1
789,15532,90,5072.14875,49,8,2019-06-21,194,30.0,49,3,1,1
790,15535,63,3348.60592,41,8,2019-09-05,118,29.51219512195122,41,2,2,2
791,15544,35,2205.28618,26,5,2019-01-22,344,10.0,26,4,2,2
792,15545,92,3415.40608,31,4,2019-02-10,325,20.0,31,4,2,2
793,15547,357,7577.25456,90,9,2019-11-19,43,20.0,90,1,1,1
794,15549,260,8444.1656,62,10,2019-11-22,40,20.0,62,1,1,1
795,15555,237,6308.194420000001,94,8,2019-05-15,231,16.27659574468085,94,4,1,1
796,15562,1,84.21000000000002,1,1,2019-07-14,171,10.0,1,3,4,4
797,15563,26,1281.6801600000001,22,4,2019-06-14,201,30.0,22,3,2,3
798,15569,50,279.2108,7,2,2019-08-19,135,20.0,7,3,4,4
799,15570,830,15933.66251,142,9,2019-09-01,122,24.154929577464788,142,2,1,1
800,15574,491,13285.42984,159,11,2019-06-16,199,14.779874213836479,159,3,1,1
801,15579,35,3430.0780000000004,26,7,2019-11-23,39,20.0,26,1,2,2
802,15581,137,3066.2921400000005,47,7,2019-07-11,174,10.0,47,3,1,2
803,15587,35,645.1080000000002,3,3,2019-07-14,171,10.0,3,3,4,4
804,15589,57,1138.98279,12,5,2019-12-11,21,30.0,12,1,3,3
805,15596,241,3033.31091,42,8,2019-11-08,54,20.238095238095237,42,1,2,2
806,15601,1649,17342.45761,154,12,2019-11-14,48,17.142857142857142,154,1,1,1
807,15602,20,1395.00576,17,6,2019-12-01,31,22.352941176470587,17,1,3,3
808,15605,21,2334.111,12,1,2019-01-10,356,10.0,12,4,3,2
809,15606,14,466.92107999999996,10,5,2019-09-22,101,30.0,10,2,4,4
810,15607,17,873.41744,13,3,2019-08-03,151,20.0,13,3,3,3
811,15611,3,108.61456,3,1,2019-08-08,146,20.0,3,3,4,4
812,15615,403,3974.83824,50,10,2019-08-30,124,25.0,50,2,1,1
813,15620,53,1186.74832,31,9,2019-06-19,196,30.0,31,3,2,3
814,15626,30,925.30936,20,5,2019-08-30,124,20.0,20,2,3,3
815,15628,23,1791.4244800000001,19,5,2019-03-27,280,30.0,19,4,3,2
816,15640,754,10761.432700000001,115,12,2019-08-17,137,14.0,115,3,1,1
817,15641,38,1139.89046,20,5,2019-06-09,206,30.0,20,3,3,3
818,15646,35,1804.91734,16,3,2019-01-29,337,10.0,16,4,3,2
819,15649,2,76.77799999999999,2,2,2019-08-04,150,25.0,2,3,4,4
820,15658,160,5682.31252,28,6,2019-12-18,14,17.142857142857142,28,1,2,1
821,15660,15,669.78096,10,4,2019-04-11,265,10.0,10,4,4,3
822,15661,8,1261.8000000000002,5,2,2019-11-01,61,18.0,5,2,4,3
823,15664,150,313.84099999999995,2,2,2019-06-12,203,30.0,2,3,4,4
824,15673,182,2022.29111,53,10,2019-09-07,116,30.0,53,2,1,2
825,15680,75,2562.6901900000003,30,6,2019-04-06,270,10.0,30,4,2,2
826,15687,430,4741.9536800000005,45,10,2019-12-07,25,25.11111111111111,45,1,2,1
827,15689,182,1040.63216,6,5,2019-05-12,234,20.0,6,4,4,3
828,15694,85,2621.74112,24,4,2019-12-06,26,15.416666666666666,24,1,2,2
829,15696,59,3156.3045700000002,48,8,2019-11-21,41,26.458333333333332,48,1,1,2
830,15708,550,8712.95368,95,10,2019-11-25,37,20.0,95,1,1,1
831,15713,21,1104.1578800000002,10,3,2019-05-24,222,11.0,10,4,4,3
832,15716,65,2350.88488,36,10,2019-02-17,318,20.0,36,4,2,2
833,15719,794,15490.5622,174,10,2019-12-18,14,18.160919540229884,174,1,1,1
834,15723,82,3804.4449300000006,38,7,2019-04-26,250,10.0,38,4,2,2
835,15727,750,6494.880880000001,99,10,2019-08-25,129,26.767676767676768,99,2,1,1
836,15732,5,352.72468,5,3,2019-01-25,341,10.0,5,4,4,4
837,15738,88,2315.5088800000003,37,6,2019-11-28,34,19.18918918918919,37,1,2,2
838,15749,8,588.152,5,2,2019-08-19,135,20.0,5,3,4,4
839,15750,41,1854.6357600000001,21,7,2019-04-18,258,28.095238095238095,21,4,3,2
840,15752,92,1750.05577,14,6,2019-01-17,349,10.0,14,4,3,3
841,15759,4,125.05959999999999,4,1,2019-06-20,195,30.0,4,3,4,4
842,15769,36,906.59902,12,4,2019-08-06,148,17.5,12,3,3,3
843,15777,11,545.19264,8,4,2019-10-28,65,18.75,8,2,4,4
844,15780,19,1550.8733900000002,12,3,2019-06-26,189,30.0,12,3,3,3
845,15781,10,599.7804199999998,5,2,2019-12-31,1,30.0,5,1,4,4
846,15789,45,1904.63896,25,5,2019-06-19,196,30.0,25,3,2,2
847,15797,1,194.055,1,1,2019-10-17,76,10.0,1,2,4,4
848,15799,32,983.6212800000001,22,5,2019-08-11,143,20.0,22,3,2,3
849,15805,250,1855.73332,11,3,2019-04-22,254,10.0,11,4,3,2
850,15808,879,23852.7875,209,13,2019-12-30,2,20.95693779904306,209,1,1,1
851,15811,33,1284.09248,23,4,2019-06-28,187,16.08695652173913,23,3,2,3
852,15812,2,347.56500000000005,2,2,2019-10-29,64,10.0,2,2,4,4
853,15820,137,1845.87426,17,5,2019-10-14,79,10.0,17,2,3,2
854,15822,86,868.16836,16,6,2019-06-08,207,30.0,16,3,3,3
855,15823,20,756.9466100000001,17,5,2019-07-28,157,10.0,17,3,3,3
856,15827,38,3056.154,29,7,2019-11-27,35,15.172413793103448,29,1,2,2
857,15831,54,916.4869799999999,18,6,2019-09-24,99,30.0,18,2,3,3
858,15834,6,124.4332,2,1,2019-01-29,337,10.0,2,4,4,4
859,15835,26,660.82288,15,5,2019-08-26,128,20.0,15,2,3,4
860,15838,19,474.97214,6,4,2019-12-10,22,26.666666666666668,6,1,4,4
861,15841,9,181.48313000000002,7,4,2019-07-20,165,10.0,7,3,4,4
862,15845,373,5155.74592,13,7,2019-08-01,153,20.0,13,3,3,1
863,15854,38,2297.6797800000004,25,9,2019-12-08,24,24.0,25,1,2,2
864,15856,96,4329.808690000001,54,8,2019-07-15,170,13.333333333333334,54,3,1,1
865,15858,107,2895.57616,44,6,2019-03-23,284,30.0,44,4,2,2
866,15860,179,1929.52608,15,5,2019-03-06,301,30.0,15,4,3,2
867,15862,332,9727.81582,64,11,2019-01-03,363,10.0,64,4,1,1
868,15864,11,1106.3628800000001,9,3,2019-12-04,28,23.333333333333332,9,1,4,3
869,15867,306,11849.771750000002,137,12,2019-11-03,59,16.861313868613138,137,2,1,1
870,15880,1010,13204.125440000002,104,8,2019-02-23,312,20.0,104,4,1,1
871,15881,87,3438.31381,32,6,2019-12-04,28,27.5,32,1,2,2
872,15882,109,2300.74824,17,5,2019-03-13,294,30.0,17,4,3,2
873,15885,1,24.510659999999998,1,1,2019-12-19,13,30.0,1,1,4,4
874,15889,583,8807.40536,66,7,2019-02-28,307,20.0,66,4,1,1
875,15894,119,3333.1988,38,7,2019-02-26,309,20.0,38,4,2,2
876,15898,72,4046.50405,63,6,2019-03-22,285,30.0,63,4,1,1
877,15899,9,308.17420000000004,4,2,2019-03-04,303,30.0,4,4,4,4
878,15910,302,5486.694560000001,42,7,2019-11-08,54,20.0,42,1,2,1
879,15916,76,3957.56332,48,6,2019-08-29,125,16.875,48,2,1,1
880,15919,401,4068.7238,49,8,2019-03-06,301,30.0,49,4,1,1
881,15922,17,726.3414600000001,12,5,2019-01-22,344,10.0,12,4,3,3
882,15923,26,2264.5064,21,6,2019-01-21,345,10.0,21,4,3,2
883,15938,8,1065.21,5,2,2019-09-26,97,30.0,5,2,4,3
884,15939,58,967.59902,18,6,2019-12-07,25,22.77777777777778,18,1,3,3
885,15940,2,19.06284,2,1,2019-12-10,22,30.0,2,1,4,4
886,15945,111,537.8703800000001,2,2,2019-04-16,260,10.0,2,4,4,4
887,15950,209,1780.09088,28,8,2019-06-06,209,30.0,28,3,2,2
888,15953,45,2063.48366,27,4,2019-08-22,132,25.925925925925927,27,2,2,2
889,15955,169,3529.0753600000003,20,6,2019-01-19,347,10.0,20,4,3,2
890,15965,191,1764.69932,16,6,2019-03-22,285,30.0,16,4,3,3
891,15967,80,2931.3832800000005,35,8,2019-10-20,73,10.0,35,2,2,2
892,15971,4,332.61582,4,2,2019-12-10,22,30.0,4,1,4,4
893,15973,29,343.87712999999997,5,5,2019-07-19,166,26.0,5,3,4,4
894,15981,5,112.63356999999999,4,3,2019-12-08,24,30.0,4,1,4,4
895,15983,444,6302.68721,79,7,2019-05-26,220,13.037974683544304,79,3,1,1
896,15984,18,643.42834,17,8,2019-07-22,163,15.882352941176471,17,3,3,4
897,15987,14,249.09936,9,3,2019-03-04,303,30.0,9,4,4,4
898,15996,44,1050.50629,32,6,2019-04-09,267,10.0,32,4,2,3
899,15998,507,8474.1792,116,13,2019-05-09,237,20.0,116,4,1,1
900,16003,120,1506.5671200000002,20,6,2019-06-07,208,30.0,20,3,3,3
901,16010,331,3550.49128,24,5,2019-05-07,239,20.0,24,4,2,2
902,16011,79,5908.762430000001,50,8,2019-12-09,23,17.6,50,1,1,1
903,16013,15,470.77836,12,4,2019-08-02,152,25.0,12,3,3,4
904,16016,481,6150.37258,69,8,2019-04-06,270,21.014492753623188,69,4,1,1
905,16019,37,1036.77296,27,4,2019-11-20,42,17.037037037037038,27,1,2,3
906,16029,138,4994.06134,49,7,2019-12-26,6,21.836734693877553,49,1,1,1
907,16030,45,2955.0095499999998,29,6,2019-12-16,16,30.0,29,1,2,2
908,16033,492,8726.92409,140,10,2019-09-14,109,19.214285714285715,140,2,1,1
909,16034,82,301.00376,9,7,2019-08-18,136,20.0,9,3,4,4
910,16037,109,867.0799900000001,15,7,2019-06-13,202,30.0,15,3,3,3
911,16042,14,574.5232000000001,6,2,2019-08-19,135,13.333333333333334,6,3,4,4
912,16043,24,1120.86788,17,6,2019-10-28,65,10.0,17,2,3,3
913,16048,13,1454.6870800000002,8,3,2019-01-13,353,10.0,8,4,4,3
914,16059,170,2364.84797,48,8,2019-09-06,117,30.0,48,2,1,2
915,16062,7,646.1687400000001,7,2,2019-04-27,249,10.0,7,4,4,4
916,16065,110,7793.1003200000005,74,9,2019-04-15,261,10.0,74,4,1,1
917,16081,209,2340.91137,21,6,2019-03-29,278,30.0,21,4,3,2
918,16083,64,547.04448,17,5,2019-05-24,222,20.0,17,4,3,4
919,16085,140,2317.26108,28,9,2019-10-06,87,10.0,28,2,2,2
920,16086,8,673.7906800000001,8,3,2019-03-22,285,30.0,8,4,4,3
921,16094,2,30.58736,2,1,2019-08-01,153,20.0,2,3,4,4
922,16098,13,920.4001800000001,12,2,2019-01-02,364,10.0,12,4,3,3
923,16109,5,607.75325,3,2,2019-12-24,8,30.0,3,1,4,4
924,16110,252,10450.78708,115,9,2019-12-09,23,30.0,115,1,1,1
925,16112,15,971.7060000000001,10,3,2019-08-16,138,18.0,10,3,4,3
926,16122,24,915.79459,19,5,2019-08-17,137,25.263157894736842,19,3,3,3
927,16124,23,869.6980800000001,16,5,2019-11-14,48,20.0,16,1,3,3
928,16125,21,1403.0982600000002,13,4,2019-03-26,281,30.0,13,4,3,3
929,16133,20,1269.0218200000002,13,3,2019-11-15,47,11.538461538461538,13,1,3,3
930,16134,76,2013.52728,19,3,2019-07-11,174,26.842105263157894,19,3,3,2
931,16138,1,14.7928,1,1,2019-03-16,291,30.0,1,4,4,4
932,16140,28,1019.4395200000001,7,3,2019-02-07,328,20.0,7,4,4,3
933,16143,71,2826.15077,28,9,2019-07-07,178,21.785714285714285,28,3,2,2
934,16145,52,2292.39657,36,6,2019-08-18,136,19.166666666666668,36,3,2,2
935,16150,98,2420.0677,26,8,2019-08-01,153,11.538461538461538,26,3,2,2
936,16153,11,1180.20476,10,2,2019-07-05,180,10.0,10,3,4,3
937,16156,20,1569.5518499999998,18,6,2019-12-12,20,30.0,18,1,3,3
938,16161,339,10039.19558,122,10,2019-12-10,22,27.459016393442624,122,1,1,1
939,16163,5,156.15929999999997,5,3,2019-04-20,256,10.0,5,4,4,4
940,16168,70,506.56376000000006,8,6,2019-10-16,77,13.75,8,2,4,4
941,16186,49,857.84573,19,7,2019-01-25,341,10.0,19,4,3,3
942,16191,53,1502.2779,36,8,2019-12-03,29,21.666666666666668,36,1,2,3
943,16202,27,841.24432,18,4,2019-05-22,224,20.0,18,4,3,3
944,16203,22,1661.60858,12,4,2019-08-18,136,10.833333333333334,12,3,3,3
945,16206,117,1493.71012,25,6,2019-09-05,118,30.0,25,2,2,3
946,16210,65,3580.67484,42,9,2019-12-15,17,21.428571428571427,42,1,2,2
947,16218,40,3942.1708200000003,28,4,2019-01-04,362,10.0,28,4,2,1
948,16221,199,982.2266,12,5,2019-03-21,286,30.0,12,4,3,3
949,16222,336,12129.938360000002,137,9,2019-10-26,67,10.0,137,2,1,1
950,16233,24,658.25746,12,6,2019-08-30,124,20.833333333333332,12,2,3,4
951,16235,10,806.5408600000001,9,3,2019-09-04,119,22.22222222222222,9,2,4,3
952,16241,324,6522.600670000001,71,8,2019-07-19,166,11.971830985915492,71,3,1,1
953,16244,90,5873.345850000001,63,6,2019-01-20,346,10.0,63,4,1,1
954,16250,19,2069.74046,13,4,2019-01-02,364,10.0,13,4,3,2
955,16252,29,1729.7311600000003,21,8,2019-04-10,266,10.0,21,4,3,3
956,16255,104,4717.45963,60,10,2019-07-17,168,10.0,60,3,1,1
957,16262,7,601.44,3,1,2019-05-24,222,20.0,3,4,4,4
958,16265,143,3032.3207500000003,38,8,2019-04-24,252,10.0,38,4,2,2
959,16270,301,4636.262470000001,52,6,2019-07-12,173,10.0,52,3,1,1
960,16271,21,660.26326,16,4,2019-06-20,195,30.0,16,3,3,4
961,16274,469,7270.69081,67,8,2019-01-13,353,10.0,67,4,1,1
962,16279,3,163.86896000000002,2,2,2019-08-13,141,20.0,2,3,4,4
963,16282,17,851.0709,11,4,2019-07-17,168,10.0,11,3,3,3
964,16293,16,637.72452,16,6,2019-03-24,283,30.0,16,4,3,4
965,16303,114,2261.21752,35,9,2019-08-15,139,20.0,35,3,2,2
966,16306,17,464.46438,14,5,2019-08-01,153,21.428571428571427,14,3,3,4
967,16315,16,294.6056,14,6,2019-08-27,127,20.0,14,2,3,4
968,16316,27,1958.4357,21,2,2019-07-22,163,29.047619047619047,21,3,3,2
969,16321,58,248.8328,4,3,2019-09-27,96,30.0,4,2,4,4
970,16326,67,1924.8049600000002,41,11,2019-11-22,40,20.0,41,1,2,2
971,16327,193,8855.408080000001,99,10,2019-11-17,45,20.0,99,1,1,1
972,16333,6,458.03515000000004,2,1,2019-12-16,16,30.0,2,1,4,4
973,16350,29,1063.12534,25,8,2019-08-13,141,18.8,25,3,2,3
974,16351,9,252.75472000000002,7,2,2019-08-17,137,20.0,7,3,4,4
975,16353,21,878.11451,13,4,2019-12-20,12,20.76923076923077,13,1,3,3
976,16359,5,87.31512,5,3,2019-09-04,119,22.0,5,2,4,4
977,16365,14,446.57882,7,3,2019-06-09,206,30.0,7,3,4,4
978,16367,38,1376.6092800000001,35,7,2019-05-06,240,20.0,35,4,2,3
979,16378,18,1411.98461,10,3,2019-12-12,20,30.0,10,1,4,3
980,16385,42,974.29416,21,8,2019-04-04,272,10.0,21,4,3,3
981,16387,4,53.704139999999995,4,3,2019-10-02,91,10.0,4,2,4,4
982,16393,202,1384.5313600000002,22,6,2019-05-06,240,20.0,22,4,2,3
983,16395,215,5695.57894,60,10,2019-09-26,97,23.166666666666668,60,2,1,1
984,16401,23,653.77263,14,4,2019-09-05,118,30.0,14,2,3,4
985,16402,159,6447.52976,56,8,2019-02-24,311,20.0,56,4,1,1
986,16403,36,781.892,10,3,2019-11-30,32,20.0,10,1,4,3
987,16405,4,49.56971999999999,3,1,2019-12-15,17,30.0,3,1,4,4
988,16407,23,1225.6107200000001,20,5,2019-11-30,32,20.0,20,1,3,3
989,16409,118,4644.741760000001,48,7,2019-11-03,59,20.0,48,2,1,1
990,16411,77,904.35856,21,8,2019-02-23,312,20.0,21,4,3,3
991,16419,28,823.72869,17,7,2019-12-06,26,30.0,17,1,3,3
992,16422,503,4354.54476,54,8,2019-12-07,25,20.74074074074074,54,1,1,1
993,16424,1,17.28906,1,1,2019-07-28,157,10.0,1,3,4,4
994,16442,57,4911.48952,45,8,2019-05-23,223,20.0,45,4,2,1
995,16455,138,1690.08256,30,7,2019-05-21,225,20.0,30,4,2,3
996,16456,264,7294.87772,62,8,2019-12-28,4,24.838709677419356,62,1,1,1
997,16458,72,556.0024000000001,10,4,2019-05-24,222,20.0,10,4,4,4
998,16470,130,2226.14864,40,8,2019-06-14,201,30.0,40,3,2,2
999,16473,56,391.40688000000006,7,5,2019-08-02,152,20.0,7,3,4,4
1000,16477,129,4728.91006,59,11,2019-10-11,82,12.372881355932204,59,2,1,1
1001,16493,7,147.5144,6,2,2019-08-30,124,20.0,6,2,4,4
1002,16496,74,5346.350640000001,41,5,2019-11-05,57,20.0,41,2,2,1
1003,16497,332,3087.6387000000004,27,5,2019-10-27,66,15.555555555555555,27,2,2,2
1004,16499,43,1993.7206400000002,22,3,2019-06-01,214,15.454545454545455,22,3,2,2
1005,16500,1,15.062399999999998,1,1,2019-08-26,128,20.0,1,2,4,4
1006,16503,322,4383.22354,53,10,2019-08-28,126,20.37735849056604,53,2,1,1
1007,16510,22,2141.45198,13,2,2019-01-24,342,10.0,13,4,3,2
1008,16515,139,2169.99804,31,8,2019-12-07,25,30.0,31,1,2,2
1009,16519,6,106.40027999999998,5,3,2019-04-18,258,10.0,5,4,4,4
1010,16520,184,7887.301810000001,60,6,2019-04-16,260,10.0,60,4,1,1
1011,16523,47,1847.4775200000001,26,7,2019-11-18,44,20.0,26,1,2,2
1012,16525,43,3029.1724400000003,39,7,2019-12-29,3,28.46153846153846,39,1,2,2
1013,16531,83,1435.96124,14,7,2019-10-23,70,14.285714285714286,14,2,3,3
1014,16532,1,17.151,1,1,2019-07-21,164,10.0,1,3,4,4
1015,16539,123,3479.4368400000003,30,6,2019-06-20,195,16.0,30,3,2,2
1016,16546,18,1677.47478,12,4,2019-01-29,337,10.0,12,4,3,3
1017,16549,67,1616.86632,32,5,2019-08-10,144,20.0,32,3,2,3
1018,16550,154,3091.87435,50,8,2019-03-14,293,30.0,50,4,1,2
1019,16551,20,634.6098400000001,11,6,2019-08-02,152,20.0,11,3,3,4
1020,16552,7,480.24172,5,3,2019-01-07,359,10.0,5,4,4,4
1021,16553,265,6307.04298,18,4,2019-05-31,215,19.444444444444443,18,3,3,1
1022,16554,29,480.89423999999997,2,2,2019-08-23,131,20.0,2,2,4,4
1023,16556,25,1377.4216000000001,16,6,2019-05-30,216,20.0,16,3,3,3
1024,16558,107,3472.8840400000004,63,9,2019-10-12,81,23.80952380952381,63,2,1,2
1025,16560,158,1963.31922,21,3,2019-06-19,196,30.0,21,3,3,2
1026,16565,11,95.01320000000001,3,2,2019-05-01,245,20.0,3,4,4,4
1027,16567,36,2071.018,26,5,2019-08-01,153,20.0,26,3,2,2
1028,16570,30,1605.50758,18,5,2019-12-04,28,28.333333333333332,18,1,3,3
1029,16579,5,254.3049,1,1,2019-04-19,257,10.0,1,4,4,4
1030,16583,708,2025.5102200000001,14,7,2019-01-05,361,10.0,14,4,3,2
1031,16593,1,7.7243,1,1,2019-09-05,118,30.0,1,2,4,4
1032,16596,16,95.71872,6,3,2019-04-10,266,10.0,6,4,4,4
1033,16600,289,1056.5881200000001,9,4,2019-07-21,164,10.0,9,3,4,3
1034,16607,37,743.6986400000001,9,4,2019-06-28,187,30.0,9,3,4,3
1035,16612,88,2477.19845,18,3,2019-12-05,27,30.0,18,1,3,2
1036,16618,59,5180.329170000001,35,10,2019-10-03,90,10.0,35,2,2,1
1037,16634,10,1100.131,8,2,2019-01-30,336,10.0,8,4,4,3
1038,16638,50,301.54146,12,5,2019-09-02,121,30.0,12,2,3,4
1039,16654,27,594.1281200000001,9,6,2019-03-16,291,30.0,9,4,4,4
1040,16655,419,2270.3236800000004,39,9,2019-08-22,132,20.0,39,2,2,2
1041,16656,19,178.67346,11,4,2019-11-03,59,12.727272727272727,11,2,3,4
1042,16658,11,807.9892199999999,8,3,2019-03-14,293,30.0,8,4,4,3
1043,16660,6,42.84618,4,3,2019-10-14,79,10.0,4,2,4,4
1044,16665,69,965.3150400000001,9,4,2019-05-10,236,20.0,9,4,4,3
1045,16670,277,3313.27435,52,9,2019-09-14,109,25.96153846153846,52,2,1,2
1046,16676,50,972.5721900000001,29,7,2019-07-28,157,10.0,29,3,2,3
1047,16679,5,101.8581,3,1,2019-04-05,271,10.0,3,4,4,4
1048,16684,134,4810.79481,57,7,2019-12-17,15,29.29824561403509,57,1,1,1
1049,16686,123,8627.44353,87,10,2019-07-04,181,10.0,87,3,1,1
1050,16700,83,4059.4148800000003,52,5,2019-11-09,53,17.307692307692307,52,1,1,1
1051,16701,28,1332.84568,20,6,2019-08-22,132,20.0,20,2,3,3
1052,16705,313,2857.0272999999997,60,6,2019-12-08,24,29.5,60,1,1,2
1053,16710,330,4231.5042,75,8,2019-05-31,215,27.733333333333334,75,3,1,1
1054,16711,1,16.72974,1,1,2019-06-27,188,30.0,1,3,4,4
1055,16713,559,9319.31257,104,10,2019-07-07,178,10.192307692307692,104,3,1,1
1056,16714,233,10365.481520000001,93,8,2019-11-01,61,20.0,93,2,1,1
1057,16716,1,46.90792,1,1,2019-12-10,22,30.0,1,1,4,4
1058,16717,52,1131.3932100000002,18,6,2019-12-13,19,13.333333333333334,18,1,3,3
1059,16718,63,4205.7480000000005,42,9,2019-02-22,313,20.0,42,4,2,1
1060,16719,235,5705.31933,59,8,2019-07-21,164,24.915254237288135,59,3,1,1
1061,16722,48,2343.00549,41,8,2019-05-24,222,18.048780487804876,41,4,2,2
1062,16725,850,10718.73687,132,13,2019-12-26,6,24.242424242424242,132,1,1,1
1063,16726,95,692.49816,18,5,2019-05-16,230,20.0,18,4,3,3
1064,16727,245,3865.81561,46,7,2019-04-30,246,10.0,46,4,1,2
1065,16730,23,3239.09202,14,7,2019-10-16,77,10.0,14,2,3,2
1066,16735,139,3168.4921600000002,47,8,2019-08-10,144,20.0,47,3,1,2
1067,16743,181,2107.77989,29,7,2019-06-15,200,30.0,29,3,2,2
1068,16745,90,4651.99882,58,10,2019-12-30,2,30.0,58,1,1,1
1069,16746,72,2629.73868,45,8,2019-09-05,118,30.0,45,2,2,2
1070,16748,56,1784.64328,19,6,2019-12-19,13,22.105263157894736,19,1,3,2
1071,16752,16,1020.26484,9,4,2019-01-21,345,10.0,9,4,4,3
1072,16754,2,149.43154,2,2,2019-01-30,336,10.0,2,4,4,4
1073,16755,22,1566.1791200000002,16,6,2019-11-17,45,20.0,16,1,3,3
1074,16757,10,915.45834,7,4,2019-10-20,73,10.0,7,2,4,3
1075,16767,100,5949.519840000001,50,9,2019-11-10,52,20.0,50,1,1,1
1076,16770,127,8774.86787,67,7,2019-11-24,38,20.149253731343283,67,1,1,1
1077,16771,376,10006.1541,104,9,2019-12-13,19,23.653846153846153,104,1,1,1
1078,16775,42,2532.11666,30,7,2019-08-29,125,26.0,30,2,2,2
1079,16779,456,5104.36805,75,7,2019-12-10,22,23.2,75,1,1,1
1080,16781,23,2116.2907,19,2,2019-04-19,257,10.0,19,4,3,2
1081,16782,1376,9728.08653,119,10,2019-11-06,56,19.57983193277311,119,1,1,1
1082,16791,78,3112.4348800000002,53,7,2019-08-21,133,20.0,53,3,1,2
1083,16795,267,4869.4627900000005,64,8,2019-04-18,258,10.0,64,4,1,1
1084,16805,207,3613.1699200000003,55,11,2019-05-31,215,20.0,55,3,1,2
1085,16810,1,35.5944,1,1,2019-05-23,223,20.0,1,4,4,4
1086,16812,52,1770.93152,15,3,2019-05-26,220,20.0,15,3,3,2
1087,16814,317,7283.43787,91,9,2019-12-16,16,20.21978021978022,91,1,1,1
1088,16816,24,2533.31428,20,5,2019-11-26,36,22.5,20,1,3,2
1089,16817,92,1612.86742,18,6,2019-06-02,213,25.555555555555557,18,3,3,3
1090,16833,61,1425.45992,17,6,2019-08-10,144,20.0,17,3,3,3
1091,16835,12,274.49793999999997,5,2,2019-01-16,350,10.0,5,4,4,4
1092,16839,51,1647.5075700000002,25,9,2019-11-27,35,21.2,25,1,2,3
1093,16843,99,1475.2639000000001,19,6,2019-09-07,116,30.0,19,2,3,3
1094,16850,28,1428.26424,19,7,2019-08-14,140,20.0,19,3,3,3
1095,16858,14,623.1208600000001,13,4,2019-04-07,269,25.384615384615383,13,4,3,4
1096,16861,10,38.0934,2,2,2019-03-16,291,30.0,2,4,4,4
1097,16863,297,1036.0081,10,6,2019-05-22,224,29.0,10,4,4,3
1098,16873,200,3202.9256400000004,70,6,2019-07-09,176,19.714285714285715,70,3,1,2
1099,16875,58,2262.0310400000003,27,4,2019-08-17,137,12.222222222222221,27,3,2,2
1100,16882,2,215.44000000000003,1,1,2019-11-04,58,20.0,1,2,4,4
1101,16883,22,2156.4696000000004,17,2,2019-02-01,334,20.0,17,4,3,2
1102,16885,190,3320.84805,30,8,2019-06-29,186,30.0,30,3,2,2
1103,16889,979,4660.84168,48,10,2019-08-02,152,20.0,48,3,1,1
1104,16891,370,7673.7844000000005,67,8,2019-02-02,333,20.0,67,4,1,1
1105,16892,4,47.23855999999999,1,1,2019-09-28,95,30.0,1,2,4,4
1106,16893,96,3275.09668,44,6,2019-03-30,277,30.0,44,4,2,2
1107,16897,34,3437.1735200000003,30,6,2019-11-22,40,20.0,30,1,2,2
1108,16898,127,3054.38027,33,7,2019-04-18,258,29.393939393939394,33,4,2,2
1109,16899,21,797.0840000000001,16,3,2019-05-30,216,20.0,16,3,3,3
1110,16904,234,5430.45532,76,8,2019-09-21,102,30.0,76,2,1,1
1111,16905,24,953.6846400000001,9,4,2019-02-01,334,20.0,9,4,4,3
1112,16907,469,3810.2355700000003,34,7,2019-04-20,256,10.0,34,4,2,2
1113,16912,30,899.5545400000001,13,5,2019-09-30,93,30.0,13,2,3,3
1114,16916,110,3482.62964,50,8,2019-01-23,343,10.0,50,4,1,2
1115,16918,108,2424.04512,31,5,2019-11-04,58,20.0,31,2,2,2
1116,16919,966,6756.23987,64,8,2019-05-31,215,23.28125,64,3,1,1
1117,16923,1048,14297.503120000001,124,10,2019-11-22,40,20.0,124,1,1,1
1118,16926,17,557.0672000000001,14,5,2019-02-04,331,20.0,14,4,3,4
1119,16927,9,36.42736,2,2,2019-05-15,231,20.0,2,4,4,4
1120,16928,94,1595.1015,11,6,2019-10-03,90,10.0,11,2,3,3
1121,16931,385,10776.83149,127,14,2019-10-07,86,19.37007874015748,127,2,1,1
1122,16938,21,1748.10825,14,3,2019-12-21,11,30.0,14,1,3,3
1123,16943,25,1528.17624,21,4,2019-10-26,67,10.0,21,2,3,3
1124,16945,32,1239.64706,19,5,2019-06-22,193,30.0,19,3,3,3
1125,16948,57,557.8620999999999,5,3,2019-09-15,108,30.0,5,2,4,4
1126,16949,8,751.5505600000001,5,3,2019-11-08,54,20.0,5,1,4,3
1127,16950,4,137.31,3,2,2019-03-24,283,30.0,3,4,4,4
1128,16954,42,376.79848000000004,12,4,2019-06-03,212,30.0,12,3,3,4
1129,16955,20,1274.00536,16,4,2019-08-06,148,16.875,16,3,3,3
1130,16983,42,1232.76968,23,8,2019-10-11,82,13.91304347826087,23,2,2,3
1131,16985,543,3562.33278,33,7,2019-12-12,20,25.757575757575758,33,1,2,2
1132,16992,4,48.96124,2,2,2019-12-14,18,30.0,2,1,4,4
1133,16995,1,25.11686,1,1,2019-01-30,336,10.0,1,4,4,4
1134,16996,35,317.45561999999995,6,5,2019-07-13,172,16.666666666666668,6,3,4,4
1135,16997,22,622.05436,8,5,2019-12-19,13,30.0,8,1,4,4
1136,17001,153,1653.99694,32,9,2019-10-17,76,17.5,32,2,2,3
1137,17007,185,1086.7777,13,7,2019-07-12,173,28.46153846153846,13,3,3,3
1138,17017,253,6762.51424,75,9,2019-06-01,214,23.066666666666666,75,3,1,1
1139,17018,7,538.50802,6,3,2019-09-14,109,30.0,6,2,4,4
1140,17019,170,7138.235420000001,90,9,2019-08-27,127,25.444444444444443,90,2,1,1
1141,17025,10,1137.7283,5,2,2019-01-14,352,10.0,5,4,4,3
1142,17026,3,142.89232,3,2,2019-02-20,315,20.0,3,4,4,4
1143,17027,55,3254.4276800000002,43,8,2019-11-01,61,20.0,43,2,2,2
1144,17033,8,369.26794,8,3,2019-06-07,208,30.0,8,3,4,4
1145,17035,27,1431.1339,18,4,2019-12-07,25,30.0,18,1,3,3
1146,17041,20,648.68984,16,4,2019-05-24,222,20.0,16,4,3,4
1147,17044,3,56.797219999999996,3,1,2019-06-12,203,30.0,3,3,4,4
1148,17048,23,1150.58112,16,6,2019-10-05,88,19.375,16,2,3,3
1149,17059,151,8428.93064,115,8,2019-02-18,317,20.0,115,4,1,1
1150,17062,264,5985.30786,70,6,2019-11-22,40,20.142857142857142,70,1,1,1
1151,17064,349,3216.3491599999998,23,8,2019-09-07,116,30.0,23,2,2,2
1152,17068,102,5769.25673,68,9,2019-11-29,33,24.41176470588235,68,1,1,1
1153,17069,49,2479.65824,29,5,2019-07-14,171,10.0,29,3,2,2
1154,17071,19,1099.72954,17,5,2019-12-15,17,30.0,17,1,3,3
1155,17075,22,434.70774,18,6,2019-10-31,62,10.0,18,2,3,4
1156,17076,11,1106.9117400000002,7,2,2019-04-23,253,10.0,7,4,4,3
1157,17082,58,529.79418,24,5,2019-10-27,66,10.0,24,2,2,4
1158,17085,551,5856.606500000001,85,11,2019-07-06,179,16.470588235294116,85,3,1,1
1159,17090,2,104.64258000000002,2,2,2019-07-08,177,10.0,2,3,4,4
1160,17091,111,3496.9189699999997,53,10,2019-10-23,70,28.867924528301888,53,2,1,2
1161,17094,97,1871.70802,15,10,2019-10-27,66,10.0,15,2,3,2
1162,17095,18,695.3053600000001,17,6,2019-08-22,132,20.0,17,2,3,3
1163,17097,158,5582.85312,63,8,2019-09-23,100,17.3015873015873,63,2,1,1
1164,17105,64,4026.42384,38,5,2019-12-30,2,30.0,38,1,2,1
1165,17114,119,2585.2967200000003,29,9,2019-08-08,146,20.0,29,3,2,2
1166,17118,135,1798.2880800000003,10,4,2019-10-30,63,10.0,10,2,4,2
1167,17126,328,6272.725200000001,63,8,2019-05-05,241,20.0,63,4,1,1
1168,17128,157,915.49144,14,7,2019-08-09,145,20.0,14,3,3,3
1169,17135,14,1469.3631200000002,9,2,2019-01-31,335,10.0,9,4,4,3
1170,17146,210,2010.80656,16,4,2019-06-15,200,30.0,16,3,3,2
1171,17147,49,775.57822,18,6,2019-12-04,28,30.0,18,1,3,3
1172,17158,26,1978.2003200000001,25,5,2019-05-29,217,20.0,25,3,2,2
1173,17179,164,1803.3161599999999,20,4,2019-05-17,229,20.0,20,4,3,2
1174,17180,201,5501.722400000001,54,9,2019-11-16,46,20.0,54,1,1,1
1175,17181,3,338.15038,2,2,2019-01-07,359,10.0,2,4,4,4
1176,17188,192,3234.2531200000003,37,7,2019-11-20,42,17.56756756756757,37,1,2,2
1177,17189,359,3589.50978,38,8,2019-06-12,203,30.0,38,3,2,2
1178,17191,399,6696.66213,70,8,2019-03-16,291,30.0,70,4,1,1
1179,17194,141,1455.53112,28,7,2019-05-25,221,20.0,28,3,2,3
1180,17198,966,9443.315,77,8,2019-04-17,259,16.883116883116884,77,4,1,1
1181,17204,3,361.5300000000001,3,1,2019-07-06,179,10.0,3,3,4,4
1182,17211,349,4398.16851,72,7,2019-07-12,173,17.22222222222222,72,3,1,1
1183,17213,130,3608.3317600000005,52,9,2019-11-11,51,14.23076923076923,52,1,1,2
1184,17214,46,1616.73626,27,8,2019-12-19,13,30.0,27,1,2,3
1185,17218,229,7362.00122,117,12,2019-08-11,143,23.58974358974359,117,3,1,1
1186,17220,190,7096.370800000001,69,8,2019-11-28,34,20.0,69,1,1,1
1187,17223,905,6514.228010000001,49,8,2019-12-14,18,30.0,49,1,1,1
1188,17226,175,1917.01927,21,6,2019-12-22,10,30.0,21,1,3,2
1189,17227,13,244.24605,9,5,2019-03-05,302,30.0,9,4,4,4
1190,17228,68,3858.81605,48,5,2019-12-06,26,22.5,48,1,1,2
1191,17230,101,5549.85099,60,6,2019-12-12,20,22.833333333333332,60,1,1,1
1192,17231,461,6520.84086,85,10,2019-09-26,97,23.647058823529413,85,2,1,1
1193,17235,14,1878.8879000000002,10,1,2019-01-23,343,10.0,10,4,4,2
1194,17236,254,2514.71084,33,7,2019-10-23,70,12.727272727272727,33,2,2,2
1195,17238,280,9719.12441,86,9,2019-10-04,89,16.976744186046513,86,2,1,1
1196,17239,26,2415.76868,16,5,2019-11-27,35,19.375,16,1,3,2
1197,17243,107,5640.21338,64,9,2019-10-05,88,20.78125,64,2,1,1
1198,17251,277,1944.94368,39,7,2019-05-03,243,20.0,39,4,2,2
1199,17256,20,822.91884,12,3,2019-12-01,31,30.0,12,1,3,3
1200,17259,150,5084.05775,85,8,2019-03-11,296,30.0,85,4,1,1
1201,17262,3,22.4743,2,1,2019-04-05,271,10.0,2,4,4,4
1202,17277,231,4490.56523,52,9,2019-10-03,90,10.0,52,2,1,1
1203,17284,317,6277.07096,129,9,2019-08-05,149,20.0,129,3,1,1
1204,17287,126,2083.56562,22,7,2019-03-21,286,18.181818181818183,22,4,2,2
1205,17288,51,1035.95256,11,4,2019-09-11,112,30.0,11,2,3,3
1206,17291,1,99.90100000000001,1,1,2019-12-24,8,30.0,1,1,4,4
1207,17293,50,2023.8634100000002,25,6,2019-12-27,5,24.4,25,1,2,2
1208,17303,86,2653.3328800000004,53,6,2019-05-16,230,20.0,53,4,1,2
1209,17306,9,202.65262,9,5,2019-11-03,59,12.222222222222221,9,2,4,4
1210,17307,1,26.37978,1,1,2019-04-19,257,10.0,1,4,4,4
1211,17311,31,3504.4805600000004,24,4,2019-11-07,55,20.0,24,1,2,2
1212,17314,71,3095.2320600000003,26,5,2019-12-04,28,28.076923076923077,26,1,2,2
1213,17315,358,7552.7231,85,11,2019-12-26,6,26.235294117647058,85,1,1,1
1214,17320,116,1557.79684,22,5,2019-03-18,289,30.0,22,4,2,3
1215,17324,632,1582.5481000000002,17,7,2019-08-22,132,16.470588235294116,17,2,3,3
1216,17329,31,2386.4144800000004,16,3,2019-11-21,41,20.0,16,1,3,2
1217,17334,15,1320.73744,10,4,2019-12-20,12,30.0,10,1,4,3
1218,17337,1448,30141.51379,260,10,2019-12-15,17,30.0,260,1,1,1
1219,17338,422,6778.460080000001,122,10,2019-08-24,130,20.0,122,2,1,1
1220,17339,8,47.788799999999995,4,1,2019-04-18,258,10.0,4,4,4,4
1221,17340,492,11091.35042,135,9,2019-07-11,174,10.0,135,3,1,1
1222,17341,766,12583.527180000001,159,11,2019-04-03,273,10.0,159,4,1,1
1223,17343,117,1207.69242,17,7,2019-07-05,180,10.0,17,3,3,3
1224,17346,183,3148.01566,46,6,2019-06-05,210,15.217391304347826,46,3,1,2
1225,17356,21,1581.29248,19,5,2019-12-05,27,30.0,19,1,3,3
1226,17358,59,4962.383500000001,42,9,2019-07-03,182,10.0,42,3,2,1
1227,17362,14,782.9063,12,6,2019-12-16,16,30.0,12,1,3,3
1228,17364,68,2083.1731600000003,52,9,2019-09-30,93,20.576923076923077,52,2,1,2
1229,17365,770,4433.910400000001,79,10,2019-08-18,136,20.0,79,3,1,1
1230,17368,73,2921.7597000000005,42,9,2019-10-27,66,11.904761904761905,42,2,2,2
1231,17371,15,1212.85064,8,2,2019-05-19,227,20.0,8,4,4,3
1232,17372,256,8010.425120000001,94,11,2019-11-03,59,20.0,94,2,1,1
1233,17373,46,1917.3409600000002,17,6,2019-11-28,34,20.0,17,1,3,2
1234,17375,109,3600.27268,43,8,2019-12-03,29,25.11627906976744,43,1,2,2
1235,17376,18,573.8359,13,5,2019-12-09,23,30.0,13,1,3,4
1236,17377,133,4008.8563,45,7,2019-06-29,186,14.444444444444445,45,3,2,1
1237,17381,28,2481.20593,19,3,2019-12-22,10,23.157894736842106,19,1,3,2
1238,17389,128,2276.6514,16,5,2019-12-03,29,21.25,16,1,3,2
1239,17392,98,6157.42745,62,7,2019-12-28,4,30.0,62,1,1,1
1240,17396,3,43.36314,3,2,2019-01-31,335,10.0,3,4,4,4
1241,17400,305,6998.49033,37,6,2019-07-13,172,10.0,37,3,2,1
1242,17402,214,2205.4431200000004,27,8,2019-09-02,121,21.11111111111111,27,2,2,2
1243,17404,101,3977.7246600000003,48,8,2019-11-17,45,25.208333333333332,48,1,1,1
1244,17406,573,7262.49164,116,12,2019-08-28,126,21.637931034482758,116,2,1,1
1245,17411,16,181.94368000000003,2,2,2019-04-13,263,10.0,2,4,4,4
1246,17412,79,2040.5017,21,7,2019-06-22,193,22.38095238095238,21,3,3,2
1247,17418,45,912.13442,12,6,2019-09-27,96,30.0,12,2,3,3
1248,17419,54,1991.8231600000001,37,7,2019-09-20,103,30.0,37,2,2,2
1249,17420,8,590.04788,7,3,2019-01-02,364,10.0,7,4,4,4
1250,17428,89,2333.51024,50,9,2019-08-17,137,19.6,50,3,1,2
1251,17430,10,1307.1000000000001,5,1,2019-04-15,261,10.0,5,4,4,3
1252,17431,164,6113.24232,43,6,2019-11-25,37,20.0,43,1,2,1
1253,17442,7,249.5259,1,1,2019-04-19,257,10.0,1,4,4,4
1254,17446,9,672.14265,5,2,2019-12-13,19,30.0,5,1,4,3
1255,17449,886,5873.09591,73,8,2019-06-05,210,30.0,73,3,1,1
1256,17450,267,3024.8804800000003,74,9,2019-08-17,137,20.405405405405407,74,3,1,2
1257,17454,13,872.47047,9,3,2019-06-04,211,30.0,9,3,4,3
1258,17456,71,994.5796500000001,17,7,2019-04-19,257,10.0,17,4,3,3
1259,17457,10,760.69028,8,2,2019-12-20,12,20.0,8,1,4,3
1260,17460,12,541.45782,8,4,2019-10-26,67,10.0,8,2,4,4
1261,17463,186,9579.29792,94,8,2019-11-26,36,20.0,94,1,1,1
1262,17470,14,1105.27464,11,4,2019-03-19,288,30.0,11,4,3,3
1263,17491,21,321.03621999999996,13,5,2019-09-15,108,30.0,13,2,3,4
1264,17496,11,265.17091,10,5,2019-06-12,203,30.0,10,3,4,4
1265,17504,42,2274.1833,27,7,2019-10-01,92,10.0,27,2,2,2
1266,17507,57,4795.15411,45,7,2019-12-20,12,30.0,45,1,2,1
1267,17511,847,16563.93483,213,12,2019-12-10,22,23.802816901408452,213,1,1,1
1268,17515,106,2836.52298,31,7,2019-10-26,67,10.0,31,2,2,2
1269,17517,12,850.81273,11,4,2019-12-22,10,30.0,11,1,3,3
1270,17519,106,1586.2407,19,5,2019-05-22,224,29.473684210526315,19,4,3,3
1271,17524,97,261.61152,6,4,2019-05-17,229,20.0,6,4,4,4
1272,17525,14,367.94173,9,7,2019-06-06,209,30.0,9,3,4,4
1273,17526,19,573.13349,7,6,2019-05-23,223,12.857142857142858,7,4,4,4
1274,17530,248,5718.143220000001,64,8,2019-04-22,254,10.0,64,4,1,1
1275,17540,39,343.324,8,4,2019-11-12,50,20.0,8,1,4,4
1276,17547,2,173.05294,2,2,2019-01-25,341,10.0,2,4,4,4
1277,17548,10,604.2439400000001,7,3,2019-01-03,363,10.0,7,4,4,4
1278,17551,457,2371.49006,43,11,2019-06-09,206,30.0,43,3,2,2
1279,17552,162,1246.35554,13,5,2019-01-31,335,10.0,13,4,3,3
1280,17555,186,3724.194,49,6,2019-08-09,145,20.0,49,3,1,2
1281,17560,4,182.02840999999998,4,4,2019-12-12,20,30.0,4,1,4,4
1282,17567,105,2676.35887,26,7,2019-01-26,340,10.0,26,4,2,2
1283,17569,40,1730.6440000000002,29,7,2019-08-21,133,20.0,29,3,2,3
1284,17572,23,459.8788,4,3,2019-01-09,357,10.0,4,4,4,4
1285,17576,312,6064.84702,44,7,2019-09-19,104,22.272727272727273,44,2,2,1
1286,17580,91,4437.18288,44,7,2019-11-30,32,20.681818181818183,44,1,2,1
1287,17581,105,5299.11206,65,9,2019-08-31,123,14.0,65,2,1,1
1288,17585,709,3388.7706900000003,28,7,2019-07-24,161,10.0,28,3,2,2
1289,17591,132,5821.29503,98,9,2019-11-03,59,26.224489795918366,98,2,1,1
1290,17593,35,927.39009,26,7,2019-07-13,172,10.0,26,3,2,3
1291,17596,337,4194.63091,59,8,2019-03-08,299,30.0,59,4,1,1
1292,17602,409,9889.37947,103,12,2019-09-25,98,30.0,103,2,1,1
1293,17604,35,3164.91251,27,4,2019-12-02,30,30.0,27,1,2,2
1294,17609,442,6184.40396,100,11,2019-09-07,116,30.0,100,2,1,1
1295,17611,452,16927.72091,191,12,2019-10-09,84,17.015706806282722,191,2,1,1
1296,17616,1,98.13000000000001,1,1,2019-03-19,288,30.0,1,4,4,4
1297,17618,174,2481.0380800000003,52,8,2019-05-11,235,20.0,52,4,1,2
1298,17619,285,5220.296469999999,77,9,2019-12-01,31,30.0,77,1,1,1
1299,17621,25,2296.7572800000003,15,5,2019-11-29,33,17.333333333333332,15,1,3,2
1300,17629,16,1053.4911200000001,12,2,2019-08-17,137,29.166666666666668,12,3,3,3
1301,17633,1,19.20774,1,1,2019-06-12,203,30.0,1,3,4,4
1302,17634,464,4462.84378,73,9,2019-07-28,157,10.0,73,3,1,1
1303,17643,9,629.48752,8,3,2019-01-12,354,10.0,8,4,4,4
1304,17644,1,20.43258,1,1,2019-10-05,88,10.0,1,2,4,4
1305,17646,91,984.6298600000001,9,6,2019-04-18,258,10.0,9,4,4,3
1306,17655,16,312.74456,11,1,2019-06-20,195,13.636363636363637,11,3,3,4
1307,17659,239,1658.71928,17,5,2019-06-21,194,15.882352941176471,17,3,3,3
1308,17671,36,432.6393,17,5,2019-04-18,258,10.0,17,4,3,4
1309,17672,55,4080.97269,41,8,2019-12-18,14,30.0,41,1,2,1
1310,17673,71,7805.429220000001,44,7,2019-10-11,82,10.0,44,2,2,1
1311,17674,14,388.11861,11,5,2019-03-04,303,30.0,11,4,3,4
1312,17675,266,4586.65406,60,8,2019-12-04,28,21.666666666666668,60,1,1,1
1313,17676,52,1406.90888,15,2,2019-04-05,271,10.0,15,4,3,3
1314,17677,132,3297.2367400000003,44,7,2019-10-23,70,22.045454545454547,44,2,2,2
1315,17682,180,1188.70929,17,5,2019-03-13,294,30.0,17,4,3,3
1316,17685,143,2986.30937,41,10,2019-12-27,5,23.902439024390244,41,1,2,2
1317,17690,563,6632.10384,75,7,2019-09-11,112,23.333333333333332,75,2,1,1
1318,17691,40,576.95366,19,6,2019-06-21,194,30.0,19,3,3,4
1319,17692,44,2324.31422,25,6,2019-06-08,207,30.0,25,3,2,2
1320,17696,8,1161.76214,7,5,2019-08-01,153,11.428571428571429,7,3,4,3
1321,17700,3,57.25926,3,3,2019-04-19,257,10.0,3,4,4,4
1322,17702,57,591.8583000000001,5,4,2019-04-17,259,10.0,5,4,4,4
1323,17706,165,2038.76611,28,7,2019-03-29,278,30.0,28,4,2,2
1324,17707,3,40.62592,3,3,2019-08-04,150,20.0,3,3,4,4
1325,17708,492,2559.2407599999997,26,8,2019-09-20,103,30.0,26,2,2,2
1326,17714,12,567.30336,10,5,2019-10-05,88,10.0,10,2,4,4
1327,17720,1,46.96574,1,1,2019-03-20,287,30.0,1,4,4,4
1328,17722,146,6049.82081,80,10,2019-11-03,59,18.125,80,2,1,1
1329,17730,286,1062.84158,18,7,2019-10-23,70,28.88888888888889,18,2,3,3
1330,17732,127,2050.58322,18,4,2019-01-17,349,10.0,18,4,3,2
1331,17735,163,6737.97536,57,9,2019-10-30,63,17.719298245614034,57,2,1,1
1332,17739,177,726.6991200000001,12,3,2019-08-16,138,20.0,12,3,3,3
1333,17742,108,1137.9539200000002,13,6,2019-08-17,137,20.0,13,3,3,3
1334,17744,93,2169.80426,51,8,2019-09-30,93,27.058823529411764,51,2,1,2
1335,17752,2,127.66,1,1,2019-06-12,203,30.0,1,3,4,4
1336,17757,522,8694.67878,121,9,2019-11-14,48,19.669421487603305,121,1,1,1
1337,17760,14,952.24692,9,3,2019-01-13,353,10.0,9,4,4,3
1338,17769,269,4268.669140000001,34,8,2019-10-06,87,10.0,34,2,2,1
1339,17771,29,1838.08016,22,7,2019-09-28,95,30.0,22,2,2,2
1340,17786,180,2026.1779200000003,28,7,2019-11-02,60,20.0,28,2,2,2
1341,17787,113,6215.358020000001,79,9,2019-09-27,96,26.075949367088608,79,2,1,1
1342,17790,45,1879.78499,23,7,2019-06-25,190,17.391304347826086,23,3,2,2
1343,17796,108,9110.265360000001,78,7,2019-11-23,39,20.0,78,1,1,1
1344,17799,448,9564.880500000001,118,7,2019-10-14,79,12.711864406779661,118,2,1,1
1345,17800,76,606.6588800000001,12,5,2019-08-10,144,20.0,12,3,3,4
1346,17802,39,900.1755800000001,12,6,2019-01-24,342,10.0,12,4,3,3
1347,17809,178,832.9764,15,6,2019-02-04,331,19.333333333333332,15,4,3,3
1348,17811,428,11729.1839,121,11,2019-12-11,21,24.545454545454547,121,1,1,1
1349,17812,40,1645.2508599999999,31,7,2019-03-18,289,30.0,31,4,2,3
1350,17816,96,2011.1273699999997,10,4,2019-04-18,258,10.0,10,4,4,2
1351,17819,16,1354.57984,14,2,2019-05-08,238,20.0,14,4,3,3
1352,17820,61,335.00013999999993,3,2,2019-06-12,203,30.0,3,3,4,4
1353,17827,399,7897.534100000001,110,11,2019-04-26,250,10.0,110,4,1,1
1354,17838,91,4774.57258,42,5,2019-04-20,256,10.0,42,4,2,1
1355,17841,2620,49243.18284,567,14,2019-12-14,18,19.594356261022927,567,1,1,1
1356,17848,31,255.51064,13,4,2019-12-15,17,26.153846153846153,13,1,3,4
1357,17849,24,1309.28912,8,3,2019-08-14,140,20.0,8,3,4,3
1358,17850,1125,37649.28181,293,12,2019-01-26,340,10.0,293,4,1,1
1359,17855,45,1577.7803800000002,17,5,2019-01-17,349,10.0,17,4,3,3
1360,17857,7,529.55793,5,3,2019-06-20,195,14.0,5,3,4,4
1361,17858,893,4351.9241600000005,35,6,2019-10-10,83,20.0,35,2,2,1
1362,17860,108,3005.01196,57,9,2019-03-09,298,30.0,57,4,1,2
1363,17861,10,900.8887600000002,7,3,2019-10-13,80,10.0,7,2,4,3
1364,17862,13,855.17412,11,3,2019-09-27,96,30.0,11,2,3,3
1365,17863,52,3339.2123,47,8,2019-12-11,21,25.74468085106383,47,1,1,2
1366,17865,213,4680.7564,42,6,2019-06-28,187,21.428571428571427,42,3,2,1
1367,17869,17,750.80304,16,4,2019-03-19,288,30.0,16,4,3,3
1368,17870,1,46.511739999999996,1,1,2019-03-27,280,30.0,1,4,4,4
1369,17873,33,1139.95216,8,3,2019-01-12,354,10.0,8,4,4,3
1370,17880,46,2015.3095600000001,26,8,2019-04-24,252,10.0,26,4,2,2
1371,17884,241,8066.9957,93,11,2019-12-05,27,26.989247311827956,93,1,1,1
1372,17888,67,988.86816,18,7,2019-10-31,62,13.333333333333334,18,2,3,3
1373,17889,15,1130.2007,12,7,2019-10-05,88,10.0,12,2,3,3
1374,17890,405,7233.67881,92,9,2019-10-02,91,16.73913043478261,92,2,1,1
1375,17894,284,9677.972950000001,115,11,2019-11-30,32,18.695652173913043,115,1,1,1
1376,17897,206,6076.76048,71,7,2019-03-26,281,19.859154929577464,71,4,1,1
1377,17905,42,1861.7600300000001,28,6,2019-07-14,171,10.0,28,3,2,2
1378,17908,186,5796.81326,57,7,2019-01-04,362,10.0,57,4,1,1
1379,17912,141,1721.1834,39,8,2019-12-13,19,22.564102564102566,39,1,2,3
1380,17913,60,1012.8644400000001,31,6,2019-06-30,185,30.0,31,3,2,3
1381,17917,47,2600.00432,29,6,2019-05-07,239,20.0,29,4,2,2
1382,17920,938,11673.109610000001,104,11,2019-11-21,41,13.653846153846153,104,1,1,1
1383,17924,5,290.49351,5,4,2019-07-07,178,10.0,5,3,4,4
1384,17925,1,27.304579999999998,1,1,2019-01-17,349,10.0,1,4,4,4
1385,17929,2,223.3486,2,1,2019-12-21,11,30.0,2,1,4,4
1386,17937,24,951.7757600000001,17,3,2019-05-18,228,20.0,17,4,3,3
1387,17949,3,75.26412,2,1,2019-07-26,159,15.0,2,3,4,4
1388,17950,208,7181.1733,40,8,2019-04-19,257,10.0,40,4,2,1
1389,17951,60,892.25486,10,5,2019-07-08,177,18.0,10,3,4,3
1390,17954,175,6115.647800000001,84,11,2019-09-03,120,28.214285714285715,84,2,1,1
1391,17961,346,9743.09053,79,8,2019-12-13,19,11.012658227848101,79,1,1,1
1392,17964,85,4668.614140000001,34,5,2019-01-23,343,10.0,34,4,2,1
1393,17965,217,4759.47072,90,10,2019-11-19,43,19.0,90,1,1,1
1394,17967,327,4510.58352,47,8,2019-02-01,334,20.0,47,4,1,1
1395,17968,1201,9112.88271,84,9,2019-01-06,360,10.0,84,4,1,1
1396,17969,8,146.21568,7,5,2019-05-19,227,20.0,7,4,4,4
1397,17975,1295,11692.47124,86,12,2019-12-12,20,21.046511627906977,86,1,1,1
1398,17976,157,5734.17536,63,8,2019-01-24,342,10.0,63,4,1,1
1399,17978,20,626.14119,12,4,2019-04-17,259,10.0,12,4,3,4
1400,17980,26,607.1341,15,5,2019-06-11,204,30.0,15,3,3,4
1401,17988,52,1468.661,12,5,2019-09-11,112,30.0,12,2,3,3
1402,17990,35,1050.3174800000002,12,6,2019-07-12,173,15.833333333333334,12,3,3,3
1403,17999,294,4285.99271,37,8,2019-04-07,269,10.0,37,4,2,1
1404,18004,386,3040.074,40,5,2019-05-10,236,20.0,40,4,2,2
1405,18008,44,504.35460000000006,12,5,2019-10-22,71,10.0,12,2,3,4
1406,18011,34,1795.8951200000001,28,5,2019-01-16,350,10.0,28,4,2,2
1407,18016,105,2759.80096,37,8,2019-11-21,41,20.0,37,1,2,2
1408,18017,1,22.65656,1,1,2019-12-13,19,30.0,1,1,4,4
1409,18032,5,63.936800000000005,5,1,2019-08-11,143,20.0,5,3,4,4
1410,18037,43,473.27756000000005,8,3,2019-10-04,89,17.5,8,2,4,4
1411,18041,714,16173.089090000001,161,11,2019-12-13,19,12.98136645962733,161,1,1,1
1412,18043,292,4413.93618,66,10,2019-03-31,276,30.0,66,4,1,1
1413,18044,8,759.58112,6,2,2019-05-25,221,20.0,6,3,4,3
1414,18050,105,596.9521199999999,5,3,2019-06-09,206,30.0,5,3,4,4
1415,18055,242,8368.07927,96,11,2019-12-05,27,28.020833333333332,96,1,1,1
1416,18061,13,1259.1641400000003,11,3,2019-10-01,92,10.0,11,2,3,3
1417,18062,4,126.67462,4,1,2019-07-26,159,10.0,4,3,4,4
1418,18065,28,1857.9230600000003,22,5,2019-06-20,195,10.909090909090908,22,3,2,2
1419,18069,219,4635.84446,76,10,2019-09-06,117,30.0,76,2,1,1
1420,18071,73,665.46054,14,5,2019-04-12,264,10.0,14,4,3,3
1421,18074,14,1885.5166199999999,12,2,2019-01-02,364,10.0,12,4,3,2
1422,18075,122,3028.7781400000003,36,7,2019-11-16,46,15.833333333333334,36,1,2,2
1423,18077,541,5187.88748,63,11,2019-10-19,74,21.428571428571427,63,2,1,1
1424,18085,94,2201.7702400000003,29,7,2019-08-29,125,16.896551724137932,29,2,2,2
1425,18092,35,1681.9281400000002,21,5,2019-08-29,125,10.952380952380953,21,2,3,3
1426,18095,93,1323.2208,21,6,2019-11-29,33,20.0,21,1,3,3
1427,18097,23,1583.9670400000002,16,5,2019-07-16,169,10.0,16,3,3,3
1428,18102,40,1851.30168,18,5,2019-04-17,259,28.88888888888889,18,4,3,2
1429,18106,160,3012.9235200000003,39,6,2019-08-31,123,20.0,39,2,2,2
1430,18109,114,3472.9104,72,9,2019-09-17,106,19.444444444444443,72,2,1,2
1431,18113,13,105.98622,1,1,2019-03-08,299,30.0,1,4,4,4
1432,18116,372,11134.3901,153,13,2019-07-16,169,13.660130718954248,153,3,1,1
1433,18118,1217,20302.41155,248,13,2019-09-16,107,22.701612903225808,248,2,1,1
1434,18119,151,1532.92008,30,6,2019-03-21,286,30.0,30,4,2,3
1435,18125,164,10070.762,82,10,2019-11-13,49,20.0,82,1,1,1
1436,18136,31,1764.9990800000003,18,5,2019-10-14,79,10.0,18,2,3,3
1437,18141,2,34.67872,1,1,2019-05-23,223,20.0,1,4,4,4
1438,18144,17,614.58136,10,5,2019-10-21,72,14.0,10,2,4,4
1439,18145,259,3842.98088,42,8,2019-11-28,34,20.0,42,1,2,2
1440,18156,151,3476.0994400000004,55,5,2019-02-17,318,20.0,55,4,1,2
1441,18161,19,855.4872600000001,15,4,2019-10-13,80,10.0,15,2,3,3
1442,18168,123,4067.09018,44,8,2019-06-05,210,15.909090909090908,44,3,2,1
1443,18171,16,1245.92272,15,4,2019-08-13,141,20.0,15,3,3,3
1444,18176,232,2315.44974,33,7,2019-07-12,173,28.181818181818183,33,3,2,2
1445,18178,43,2745.38233,35,5,2019-12-19,13,20.857142857142858,35,1,2,2
1446,18179,63,1680.34272,35,8,2019-09-12,111,24.857142857142858,35,2,2,3
1447,18190,15,432.63374000000005,10,7,2019-09-18,105,21.0,10,2,4,4
1448,18193,3,15.420799999999998,1,1,2019-04-06,270,10.0,1,4,4,4
1449,18198,54,2185.06155,27,6,2019-12-11,21,22.962962962962962,27,1,2,2
1450,18202,457,3801.3725999999997,23,7,2019-12-08,24,30.0,23,1,2,2
1451,18212,326,2534.54687,42,7,2019-09-14,109,30.0,42,2,2,2
1452,18219,97,1115.90348,24,5,2019-05-26,220,25.416666666666668,24,3,2,3
1453,18223,149,3876.31864,60,7,2019-10-05,88,27.666666666666668,60,2,1,2
1454,18225,38,123.51650000000001,3,3,2019-04-19,257,10.0,3,4,4,4
1455,18226,55,1257.95496,22,5,2019-08-23,131,10.454545454545455,22,2,2,3
1456,18229,40,2419.70238,17,3,2019-08-30,124,17.647058823529413,17,2,3,2
1457,18230,2,143.01774,2,2,2019-06-12,203,20.0,2,3,4,4
1458,18233,50,82.615,1,1,2019-09-14,109,30.0,1,2,4,4
1459,18239,140,6383.2334,52,10,2019-11-27,35,10.384615384615385,52,1,1,1
1460,18245,85,7433.5219400000005,54,6,2019-11-28,34,15.185185185185185,54,1,1,1
1461,18250,117,2150.33316,21,4,2019-12-13,19,30.0,21,1,3,2
1462,18256,4,77.51823999999999,4,2,2019-07-05,180,10.0,4,3,4,4
1463,18259,45,789.1536000000001,6,3,2019-04-05,271,10.0,6,4,4,3
1464,18260,128,2573.6563300000003,39,10,2019-10-05,88,22.05128205128205,39,2,2,2
1465,18269,10,155.66092,8,2,2019-06-20,195,12.5,8,3,4,4
1466,18277,2,301.02000000000004,1,1,2019-10-23,70,10.0,1,2,4,4
1467,18283,151,6947.813270000001,101,12,2019-10-10,83,10.0,101,2,1,1
